code,name,price,pct_chg,volume,amount,turnover
300552,万集科技,24.88,20.02,177458.0,426734197.12,13.14
300248,新开普,10.07,20.02,338343.0,327081880.98,8.27
688549,中巨芯-U,23.21,20.01,982924.0,2109787203.0,16.68
301045,天禄科技,63.36,20.0,42697.0,252958058.99,6.12
688596,正帆科技,57.42,20.0,349322.0,1914769022.0,12.01
300686,智动力,15.06,20.0,144129.0,210666505.6,5.57
301026,浩通科技,21.49,19.99,256363.0,527143848.9,16.02
688600,皖仪科技,27.44,19.98,55442.0,142079102.0,4.12
300615,欣天科技,15.02,19.97,32296.0,48508592.0,2.11
688432,有研硅,32.6,16.3,558637.0,1712984562.0,4.47
300420,五洋自控,7.62,15.63,1362055.0,978234628.48,12.2
688507,索辰科技,177.2,14.85,88677.0,1482534760.0,18.01
688530,欧莱新材,51.15,14.74,127153.0,609890799.0,18.22
300948,冠中生态,20.06,14.69,82355.0,159288980.64,5.31
688456,有研粉材,80.12,14.54,74661.0,565900814.0,7.2
301396,宏景科技,202.01,14.36,219286.0,4199976189.93,15.5
688170,德龙激光,51.09,14.22,55496.0,265891674.0,5.37
300518,新迅达,21.36,14.22,87078.0,176525387.23,4.37
688488,艾迪药业,15.96,14.16,140638.0,214269315.0,3.34
688258,卓易信息,114.39,14.05,52628.0,580397797.0,4.34
300606,金太阳,33.28,13.74,121036.0,386245988.8,10.29
301016,雷尔伟,13.99,13.74,116323.0,161391134.48,3.96
688012,中微公司,361.0,13.61,263228.0,9020970578.0,2.79
688143,长盈通,102.2,13.3,107416.0,986581806.0,8.78
688610,埃科光电,143.16,13.25,15538.0,212166779.0,3.8
300567,精测电子,206.63,13.21,90690.0,1769552388.13,3.99
688502,茂莱光学,368.43,12.85,15473.0,539220396.0,2.93
688409,富创精密,174.31,12.71,100628.0,1653614646.0,3.29
300903,科翔股份,52.77,12.61,210957.0,1043862367.06,6.38
688607,康众医疗,40.95,12.22,26292.0,104045508.0,3.31
300209,行云科技,37.7,12.07,1603330.0,5714697184.89,21.58
688545,兴福电子,74.26,12.07,107234.0,756130369.0,5.88
688419,耐科装备,40.4,11.66,35309.0,136289163.0,3.08
688072,拓荆科技,675.0,11.66,80147.0,5113123690.0,2.84
300986,志特新材,13.17,11.61,464777.0,581170391.01,8.08
688783,西安奕材-U,29.03,11.4,312455.0,859066165.0,11.62
300666,江丰电子,222.74,11.33,150019.0,3184607362.37,6.78
688508,芯朋微,75.55,11.18,65297.0,476968387.0,4.93
300604,长川科技,273.11,11.1,206517.0,5383950461.68,4.22
300731,科创新源,37.29,10.98,57605.0,203962683.63,3.42
688416,恒烁股份,69.9,10.93,52138.0,350526488.0,4.83
688191,智洋创新,20.21,10.92,73645.0,141680072.0,2.25
301148,嘉戎技术,49.26,10.87,18676.0,89650057.14,3.17
688369,致远互联,23.53,10.78,93612.0,215202135.0,8.12
301526,国际复材,33.2,10.74,1993420.0,6258316375.48,14.19
688300,联瑞新材,123.1,10.72,86424.0,1015268310.0,3.58
300951,博硕科技,66.12,10.72,80630.0,519933439.34,5.33
688515,裕太微-U,150.0,10.67,34697.0,503270660.0,6.96
688233,神工股份,100.76,10.66,94103.0,907070095.0,5.53
688147,微导纳米,97.0,10.6,129057.0,1228126549.0,2.78
301307,美利信,49.45,10.31,69539.0,328447871.62,6.39
688371,菲沃泰,25.55,10.18,76475.0,188275246.0,2.28
002425,凯撒文化,3.47,10.16,130319.0,45220693.0,1.42
688777,中控技术,110.01,10.12,170177.0,1790351807.0,2.16
000751,锌业股份,5.12,10.11,714333.0,354708469.2,4.42
600611,大众交通,4.69,10.09,447987.0,209995008.0,2.87
000981,山子高科,3.17,10.07,5888296.0,1824073175.14,6.19
600892,大晟文化,4.16,10.05,290869.0,120161427.0,5.2
603928,兴业股份,11.94,10.05,329118.0,384185095.0,9.66
301093,华兰股份,66.04,10.05,50718.0,320943969.76,2.49
600629,华建集团,15.57,10.04,361684.0,538536698.0,3.15
003032,传智教育,11.73,10.04,354563.0,415328353.37,12.46
002766,索菱股份,4.39,10.03,86086.0,37791754.0,1.0
000510,新金路,16.12,10.03,561952.0,883454131.8,9.26
600353,旭光电子,25.48,10.02,403198.0,978511198.0,4.86
603078,江化微,31.08,10.02,101593.0,306757038.0,2.63
002355,兴民智通,4.94,10.02,115178.0,56741541.0,1.86
603657,春光科技,26.14,10.02,23127.0,58476169.0,1.71
000811,冰轮环境,39.47,10.01,498262.0,1916775382.79,5.09
603826,坤彩科技,17.36,10.01,54982.0,92453302.0,0.65
002963,豪尔赛,17.59,10.01,29718.0,50876031.0,2.42
603068,博通集成,40.22,10.01,262642.0,1036541689.0,17.3
601208,东材科技,39.33,10.01,578475.0,2185590083.0,5.73
603004,鼎龙科技,20.22,10.01,46712.0,92061362.0,7.93
002346,柘中股份,20.0,10.01,54918.0,106225911.78,1.4
000593,德龙汇能,22.52,10.01,240037.0,534466831.37,6.7
002036,联创电子,7.8,10.01,352303.0,268787945.96,3.34
002674,兴业科技,26.93,10.01,303571.0,793330530.42,10.38
002552,宝鼎科技,39.34,10.01,184433.0,692230179.0,5.0
002957,科瑞技术,38.47,10.01,85675.0,317837094.59,2.05
002734,利民股份,15.16,10.01,294886.0,437771680.1,6.79
003018,金富科技,38.24,10.01,117733.0,434329524.63,4.14
002908,德生科技,7.58,10.01,100106.0,73327441.96,3.11
603663,三祥新材,37.26,10.01,156260.0,559829540.0,2.63
002119,康强电子,22.3,10.01,299644.0,643816215.84,7.98
001267,汇绿生态,35.28,10.01,294346.0,991158345.71,4.84
603629,利通电子,112.65,10.0,265346.0,2966880971.0,7.36
603115,海星股份,77.58,10.0,74271.0,562997519.0,3.04
002428,云南锗业,82.71,10.0,302292.0,2499676323.99,4.63
002214,大立科技,14.85,10.0,11040.0,16393999.05,0.23
002396,星网锐捷,28.7,10.0,759219.0,2118595022.27,10.02
603045,福达合金,53.56,10.0,59219.0,303335776.0,4.37
603061,金海通,292.86,10.0,13538.0,388565857.0,1.56
001225,和泰机电,45.22,10.0,18834.0,83447323.0,8.95
603297,永新光学,102.22,10.0,18918.0,187931746.0,1.71
002975,博杰股份,84.61,10.0,30890.0,256530785.0,2.25
000603,盛达资源,29.15,10.0,494382.0,1379534197.99,7.42
603773,沃格光电,78.57,10.0,100454.0,773537022.0,4.47
002990,盛视科技,49.29,10.0,175287.0,842088218.86,12.7
002971,和远气体,37.5,10.0,88742.0,317657584.5,5.51
000657,中钨高新,57.43,10.0,791412.0,4374930685.61,5.45
603823,百合花,60.73,10.0,121557.0,723007003.0,2.92
600172,黄河旋风,11.22,10.0,1471662.0,1590251946.0,11.47
002536,飞龙股份,38.18,10.0,454875.0,1669975513.75,8.36
002655,共达电声,27.07,10.0,242796.0,634540148.15,6.67
605178,时空科技,64.24,10.0,18060.0,112518534.0,1.82
600367,红星发展,29.92,10.0,250093.0,723670785.0,7.77
001210,金房能源,20.79,10.0,35376.0,72356106.76,2.65
603186,华正新材,119.31,10.0,140723.0,1624492399.0,8.98
603201,常润股份,17.6,10.0,60115.0,104542417.0,3.19
603306,华懋科技,67.46,10.0,146353.0,951045010.0,4.44
603039,泛微网络,45.63,10.0,306699.0,1324677734.0,9.97
601231,环旭电子,25.96,10.0,251685.0,633447577.0,1.05
002703,浙江世宝,16.28,10.0,114033.0,185645886.8,1.95
002579,中京电子,12.98,10.0,454747.0,579296594.32,7.79
002491,通鼎互联,16.06,10.0,1263101.0,1922672402.7,10.74
600206,有研新材,39.81,10.0,839743.0,3271520867.0,9.92
605376,博迁新材,157.65,10.0,141710.0,2179861114.0,5.42
002842,翔鹭钨业,34.56,9.99,389068.0,1287820518.28,14.49
000938,紫光股份,37.75,9.99,3131152.0,11588362032.44,10.95
000962,东方钽业,51.63,9.99,241104.0,1200246990.46,4.79
001337,四川黄金,43.27,9.99,136997.0,570309572.85,3.26
001359,平安电工,86.17,9.99,43440.0,359724862.77,7.21
603678,火炬电子,49.1,9.99,325786.0,1536558899.0,6.85
000712,锦龙股份,9.81,9.98,454844.0,431788892.81,5.08
002213,大为股份,28.86,9.98,196050.0,553521950.71,9.48
603206,嘉环科技,15.54,9.98,69160.0,104359831.0,2.27
600721,百花医药,8.71,9.97,391753.0,339318225.0,10.19
002182,宝武镁业,13.12,9.97,302441.0,387514960.24,3.49
002649,博彦科技,10.26,9.97,252858.0,254350572.69,4.71
002181,粤 传 媒,9.94,9.96,785968.0,764624442.56,6.93
688146,中船特气,278.3,9.96,179958.0,4927607928.0,12.41
600556,天下秀,5.54,9.92,1310818.0,705382891.0,7.25
600130,波导股份,4.32,9.92,247398.0,104079025.0,3.3
688766,普冉股份,369.01,9.9,127602.0,4570361727.0,8.58
002721,金一文化,2.67,9.88,480303.0,121681134.0,1.81
300486,东杰智能,20.5,9.86,153652.0,315863379.99,3.22
300400,劲拓股份,24.29,9.86,128282.0,301410267.0,5.3
300820,英杰电气,50.13,9.84,57520.0,274887666.0,5.15
300260,新莱应材,52.13,9.77,200871.0,1009183749.81,6.98
300285,国瓷材料,66.03,9.72,1293467.0,8156059572.19,15.15
688141,杰华特,126.11,9.65,146657.0,1802683675.0,3.26
301047,义翘神州,91.59,9.58,114650.0,1043224188.41,9.59
688207,格灵深瞳,19.42,9.53,111356.0,209299524.0,4.3
301188,力诺药包,37.72,9.49,120484.0,436242887.3,4.5
688345,博力威,53.16,9.43,14609.0,74588216.0,1.44
301392,汇成真空,145.8,9.37,39489.0,549317650.28,9.68
600176,中国巨石,39.55,9.28,2020842.0,7698700576.0,5.09
300975,商络电子,25.85,9.26,419235.0,1044693734.62,8.52
001270,铖昌科技,115.97,9.23,93761.0,1055681742.11,4.58
688729,屹唐股份,25.11,9.22,378374.0,915334119.0,2.16
603626,科森科技,15.0,9.17,226435.0,324807855.0,4.08
002859,洁美科技,65.49,9.15,158764.0,1001386258.53,3.71
002851,麦格米特,116.55,9.13,279062.0,3110713918.47,6.05
601869,长飞光纤,309.88,9.11,140067.0,4076056524.0,3.45
603903,中持股份,12.47,9.1,94207.0,113157086.0,3.69
688200,华峰测控,376.28,9.07,57313.0,2098249633.0,2.85
301141,中科磁业,40.75,9.04,58343.0,235536313.08,13.11
688627,精智达,439.39,9.03,45527.0,1916838471.0,4.84
300592,华凯易佰,16.57,9.01,282294.0,446560190.32,8.21
301369,联动科技,131.02,9.0,17197.0,215597469.98,3.14
300179,四方达,33.31,9.0,299518.0,963571973.58,8.01
301217,铜冠铜箔,93.91,8.99,284320.0,2554995212.68,3.43
601138,工业富联,65.31,8.98,1816304.0,11531551260.0,0.92
002080,中材科技,48.35,8.97,438427.0,2032914012.92,2.61
300806,斯迪克,45.63,8.95,230964.0,1008120093.04,5.06
600183,生益科技,122.22,8.9,604728.0,7029958578.0,2.51
301165,锐捷网络,117.09,8.83,269124.0,3131557646.0,2.42
002484,江海股份,64.54,8.82,396590.0,2463705307.03,4.83
688333,铂力特,95.19,8.8,86542.0,792974879.0,3.15
688231,隆达股份,28.63,8.78,36190.0,100302660.0,1.13
688699,明微电子,55.3,8.77,45895.0,245557640.0,4.17
301611,珂玛科技,93.05,8.77,101056.0,907694597.1,6.89
603995,甬金股份,22.22,8.76,53652.0,114403194.0,1.48
688318,财富趋势,83.0,8.74,91706.0,739790682.0,2.56
688635,长进光子,258.75,8.72,20456.0,483726404.0,11.52
300835,龙磁科技,139.22,8.71,34690.0,465051879.4,4.15
688403,汇成股份,21.74,8.7,463473.0,975122727.0,4.67
301373,凌玮科技,85.0,8.7,35363.0,286732885.36,8.67
002636,金安国纪,55.51,8.69,393675.0,2080116424.35,5.44
688090,瑞松科技,58.02,8.67,75301.0,419013738.0,4.74
688359,三孚新科,92.91,8.67,40047.0,357679306.0,4.02
688662,富信科技,76.05,8.66,98299.0,702684337.0,8.57
301071,力量钻石,56.5,8.65,108084.0,589175658.98,5.78
688328,深科达,71.53,8.63,66543.0,463114682.0,7.04
688260,昀冢科技,108.62,8.62,76729.0,806115249.0,6.39
688056,莱伯泰科,40.78,8.6,14438.0,56530228.0,2.14
600641,先导基电,26.51,8.6,592981.0,1517225791.0,6.37
300672,国科微,145.27,8.57,92498.0,1295970837.63,4.4
600549,厦门钨业,53.59,8.53,770253.0,3978065548.0,4.96
002348,高乐股份,11.96,8.53,882412.0,1059938464.0,9.77
301413,安培龙,66.19,8.51,43385.0,276301951.43,5.68
300522,世名科技,13.02,8.5,160289.0,203239379.97,6.09
002409,雅克科技,140.46,8.48,264865.0,3581410422.02,8.32
688037,芯源微,299.1,8.48,53518.0,1540051980.0,2.65
300244,迪安诊断,19.91,8.44,401672.0,794829564.5,8.01
300868,杰美特,77.94,8.43,24759.0,186039123.08,3.07
603618,杭电股份,25.85,8.43,686044.0,1668784619.0,9.92
688125,安达智能,112.25,8.42,10618.0,114630816.0,1.29
688548,广钢气体,35.08,8.41,216908.0,737902933.0,3.14
688383,新益昌,105.72,8.4,16586.0,168142732.0,1.63
688584,上海合晶,27.52,8.39,159397.0,426432398.0,4.64
688372,伟测科技,121.26,8.38,75418.0,884126686.0,4.46
603125,常青科技,22.27,8.37,50958.0,110620911.0,1.26
301227,森鹰窗业,23.24,8.29,57336.0,128598488.12,7.76
001229,魅视科技,41.67,8.29,92630.0,372745190.6,12.56
002827,高争民爆,45.34,8.29,348408.0,1537218795.34,12.62
603650,彤程新材,58.22,8.22,141509.0,801315078.0,2.3
301489,思泉新材,96.8,8.22,44156.0,410126535.29,6.35
688720,艾森股份,58.75,8.2,53561.0,303757726.0,6.85
002167,东方锆业,16.66,8.18,872642.0,1418327527.41,11.5
688362,甬矽电子,60.12,8.17,239836.0,1394423699.0,5.29
600487,亨通光电,54.37,8.16,2299523.0,11764307666.0,9.37
002792,通宇通讯,31.09,8.14,567774.0,1758476780.13,16.81
603063,禾望电气,32.33,8.13,229604.0,724916141.0,4.97
688218,江苏北人,37.22,8.13,25949.0,94485313.0,2.23
300706,阿石创,48.88,8.12,84929.0,402849578.0,7.46
603268,松发股份,169.89,8.11,66479.0,1102286730.0,2.85
300311,任子行,6.0,8.11,934095.0,556254878.91,17.38
002980,华盛昌,74.83,8.1,101700.0,733531691.2,10.04
603002,宏昌电子,13.52,8.07,359336.0,469682392.0,3.17
688347,华虹宏力,256.0,8.04,206836.0,5158026802.0,5.07
688392,骄成超声,134.19,8.04,29136.0,380011078.0,2.52
688135,利扬芯片,23.43,8.02,100197.0,227382431.0,4.3
688257,新锐股份,55.52,8.02,154918.0,827381939.0,4.36
603256,宏和科技,135.61,8.01,164573.0,2132918862.0,1.87
301349,信德新材,41.8,8.01,39814.0,160856911.05,3.54
301236,软通动力,41.43,8.0,376800.0,1530265164.96,4.8
301285,鸿日达,70.52,7.99,21248.0,144908442.03,1.03
003031,中瓷电子,108.29,7.97,100547.0,1042764087.51,2.96
301259,艾布鲁,24.17,7.95,62102.0,146688003.96,4.28
601700,风范股份,6.39,7.94,1460139.0,909934877.0,12.82
688237,超卓航科,56.15,7.94,36926.0,204754628.0,4.12
603175,超颖电子,84.2,7.93,23551.0,192645615.0,5.18
603687,大胜达,14.32,7.91,164337.0,228926509.0,2.99
300480,光力科技,30.95,7.91,201678.0,602559940.21,7.47
300715,凯伦股份,12.96,7.91,126974.0,161713502.2,4.06
688059,华锐精密,80.88,7.9,46854.0,365727238.0,3.58
300223,北京君正,136.22,7.89,337150.0,4463565058.04,8.0
603203,快克智能,42.13,7.89,108826.0,442176253.0,3.34
688268,华特气体,138.4,7.87,61876.0,830332808.0,4.85
688652,京仪装备,138.54,7.86,60454.0,806124599.0,5.01
300489,光智科技,182.42,7.81,143702.0,2544301024.0,10.36
603124,江南新材,118.78,7.81,40703.0,462206495.0,5.24
301159,三维天地,34.39,7.81,66670.0,232968312.12,12.58
600961,株冶集团,26.23,7.81,544405.0,1401148263.0,7.24
300873,海晨股份,16.03,7.8,104575.0,163036849.73,4.47
300540,蜀道装备,28.29,7.77,91476.0,250448729.74,4.42
688361,中科飞测,342.66,7.76,90173.0,2978841611.0,2.56
688535,华海诚科,95.11,7.74,73486.0,680332754.0,5.5
688110,东芯股份,109.66,7.74,153114.0,1626568864.0,3.46
301021,英诺激光,60.54,7.72,58809.0,341701700.52,3.85
603776,永安行,20.64,7.72,53098.0,108214564.0,1.89
301629,矽电股份,240.81,7.7,8755.0,203816297.0,4.56
000636,风华高科,58.5,7.68,1414564.0,8054369572.47,12.23
301511,德福科技,73.99,7.68,188389.0,1329933142.86,5.03
688433,华曙高科,78.59,7.66,30786.0,236482930.0,0.74
600667,太极实业,18.46,7.64,2841742.0,5107058332.0,13.59
300331,苏大维格,42.72,7.63,101115.0,417984614.33,4.55
601872,招商轮船,18.06,7.63,1190680.0,2052582792.0,1.47
002222,福晶科技,56.95,7.62,229788.0,1259934758.88,4.91
300139,晓程科技,43.0,7.61,413193.0,1728797294.19,17.68
603989,艾华集团,27.46,7.6,156243.0,412627124.0,3.92
301306,西测测试,92.7,7.59,25437.0,228688315.0,4.37
002970,锐明技术,53.48,7.58,28848.0,151088538.0,2.28
688262,国芯科技,27.13,7.57,99382.0,261249742.0,2.96
688727,恒坤新材,42.7,7.56,40533.0,167058879.0,7.5
002378,章源钨业,25.21,7.55,454182.0,1110127126.71,3.8
688381,帝奥微,29.8,7.5,70669.0,203105726.0,2.86
688106,金宏气体,28.56,7.45,190577.0,528772041.0,3.56
300408,三环集团,129.99,7.45,522298.0,6614295136.3,2.79
600378,昊华科技,44.56,7.45,474476.0,2039470106.0,4.42
688788,科思科技,31.73,7.45,35350.0,108499928.0,1.61
301308,江波龙,361.05,7.44,153867.0,5387078758.87,5.46
301468,博盈特焊,33.24,7.43,56152.0,181279396.21,5.76
688312,燕麦科技,46.41,7.43,47811.0,213763241.0,3.26
688757,胜科纳米,31.43,7.42,58108.0,177000328.0,3.21
300821,东岳硅材,16.24,7.41,556136.0,874141390.48,4.64
688700,东威科技,56.02,7.4,73566.0,398190564.0,2.47
688082,盛美上海,276.01,7.4,62289.0,1671094650.0,1.3
301115,联检科技,25.9,7.38,30746.0,78439547.5,2.06
688028,沃尔德,76.97,7.35,50166.0,372085595.0,3.32
600707,彩虹股份,8.93,7.33,947790.0,819326860.0,2.64
688503,聚和材料,66.11,7.32,77782.0,499541241.0,3.21
688379,华光新材,48.52,7.32,23577.0,110777053.0,2.62
688308,欧科亿,93.33,7.31,83193.0,747062495.0,5.24
688620,安凯微,14.43,7.29,166964.0,236718493.0,4.26
002350,北京科锐,16.19,7.29,163073.0,255272927.34,3.07
002929,润建股份,57.94,7.28,198333.0,1128497861.45,9.16
603950,长源东谷,56.53,7.25,59355.0,322807434.0,1.83
301235,华康洁净,40.97,7.25,52470.0,208015933.45,5.03
688192,迪哲医药-U,53.89,7.22,96281.0,501019901.0,2.09
300440,运达科技,18.33,7.19,72123.0,128305135.0,1.64
600459,贵研铂业,20.43,7.19,337940.0,682796888.0,4.45
688249,晶合集成,39.25,7.18,247738.0,952802260.0,1.23
301488,豪恩汽电,109.43,7.14,28182.0,313597221.15,6.78
301018,申菱环境,83.57,7.14,113623.0,911028416.05,4.02
603211,晋拓股份,25.98,7.13,80376.0,202574435.0,2.96
300816,艾可蓝,51.0,7.12,16126.0,78944589.0,2.76
603757,大元泵业,59.68,7.11,98908.0,570251323.0,5.3
002371,北方华创,735.77,7.1,90676.0,6487248642.79,1.25
688003,天准科技,75.81,7.08,39155.0,287022770.0,2.01
688797,臻宝科技,322.21,7.05,35842.0,1123365385.0,12.28
002056,横店东磁,22.17,7.05,272676.0,587000578.25,1.68
300031,宝通科技,22.77,7.05,196134.0,429081744.62,5.57
603986,兆易创新,381.1,7.04,464063.0,17298622141.0,6.94
300398,飞凯材料,34.36,7.04,286643.0,956538292.41,5.06
688396,华润微,57.96,7.04,216172.0,1212222776.0,1.63
300476,胜宏科技,216.0,7.04,347905.0,7132466860.75,4.02
688181,八亿时空,37.85,7.04,48203.0,177383389.0,3.62
300521,爱司凯,23.61,7.03,32646.0,75121500.0,2.21
688079,美迪凯,14.93,7.03,108617.0,156863995.0,2.68
301003,江苏博云,49.64,7.03,15077.0,74101331.0,2.01
688686,奥普特,114.8,7.03,11003.0,123248028.0,0.9
603880,南卫股份,7.33,7.01,70627.0,50088269.0,2.44
688325,赛微微电,109.31,7.0,7802.0,82352017.0,0.95
301067,显盈科技,27.52,7.0,28752.0,77410262.6,4.5
300776,帝尔激光,112.08,7.0,74708.0,811295355.89,4.17
300936,中英科技,66.33,6.98,21391.0,137372247.0,4.51
002747,埃斯顿,34.55,6.97,660894.0,2216930864.59,8.45
600988,赤峰黄金,40.38,6.97,504187.0,1983610536.0,3.03
688525,佰维存储,232.7,6.97,261975.0,5923947212.0,5.56
605006,山东玻纤,13.81,6.97,248893.0,334027064.0,3.81
301607,富特科技,36.59,6.96,79646.0,282052025.73,5.25
603979,金诚信,76.5,6.95,63362.0,476256496.0,1.02
600330,天通股份,19.38,6.95,852587.0,1606042870.0,6.91
301398,星源卓镁,35.57,6.95,20627.0,72272867.42,1.89
600397,江钨装备,14.92,6.95,868024.0,1256320173.0,8.77
300801,泰和科技,24.17,6.95,102813.0,242073700.0,7.51
300811,铂科新材,68.15,6.94,134285.0,894203007.08,4.01
688689,银河微电,36.88,6.93,66977.0,239792789.0,4.62
688519,南亚新材,252.4,6.93,55366.0,1347624716.0,2.35
600110,诺德股份,9.42,6.92,1225631.0,1133317051.0,7.06
688593,新相微,32.12,6.92,141700.0,447081752.0,3.08
301500,飞南资源,23.53,6.91,114022.0,262634400.95,7.92
301099,雅创电子,47.44,6.89,69790.0,321050713.93,6.07
605358,立昂微,40.94,6.89,287179.0,1142912363.0,3.72
603407,长裕集团,62.2,6.89,60545.0,367611493.0,16.86
300346,南大光电,52.85,6.88,459589.0,2375207082.22,7.01
688551,科威尔,37.46,6.88,22291.0,81133553.0,2.05
301095,广立微,72.35,6.87,61019.0,427569054.0,3.53
688261,东微半导,72.47,6.87,44910.0,317101208.0,3.68
688500,慧辰股份,36.44,6.86,18451.0,65589452.0,2.46
301338,凯格精机,90.56,6.86,41115.0,357801624.32,3.79
301326,捷邦科技,87.4,6.85,14249.0,120182741.6,1.98
300321,同大股份,31.49,6.85,21831.0,67126205.0,2.46
600714,金瑞矿业,14.86,6.83,98662.0,143835324.0,3.42
000426,兴业银锡,35.55,6.82,605592.0,2094529545.33,3.41
301312,智立方,61.22,6.82,52012.0,306758960.53,6.14
301568,思泰克,63.92,6.82,26893.0,166587677.49,5.65
300996,普联软件,19.28,6.81,777047.0,1421716464.68,23.32
605060,联德股份,40.24,6.79,39967.0,157097536.0,1.67
301127,武汉天源,14.96,6.78,191608.0,280963165.79,2.93
688615,合合信息,124.15,6.77,77639.0,943194234.0,5.74
603435,嘉德利,53.21,6.76,56808.0,296729590.0,15.92
603106,恒银科技,9.65,6.75,877924.0,825911657.0,16.87
301389,隆扬电子,48.38,6.75,51713.0,241778191.1,1.82
002976,瑞玛精密,21.53,6.74,34062.0,71202152.3,2.8
688693,锴威特,65.0,6.73,17329.0,110535107.0,4.45
603929,亚翔集成,156.5,6.72,48029.0,732305747.0,2.25
300302,同有科技,30.0,6.72,218158.0,634730090.43,5.92
301362,民爆光电,122.69,6.69,36810.0,437130234.3,8.99
688368,晶丰明源,114.48,6.69,26156.0,289748973.0,2.11
000975,山金国际,24.07,6.69,517873.0,1216722121.8,2.05
603938,三孚股份,39.89,6.69,146765.0,565988520.0,3.84
001339,智微智能,76.78,6.68,123510.0,925541590.97,7.63
600489,中金黄金,23.74,6.65,757287.0,1755555583.0,1.56
603283,赛腾股份,41.85,6.65,157000.0,639575199.0,4.45
301566,达利凯普,23.76,6.64,188185.0,436072444.65,8.92
003036,泰坦股份,47.99,6.64,77051.0,358760340.15,3.56
688002,睿创微纳,150.95,6.63,75739.0,1115510311.0,1.61
603588,高能环境,13.99,6.63,426267.0,582629146.0,2.8
300726,宏达电子,52.82,6.62,120584.0,617621694.52,5.62
301191,菲菱科思,90.95,6.62,53269.0,476954569.48,7.29
002887,绿茵生态,10.49,6.61,60127.0,62101564.61,2.77
000048,京基智农,21.13,6.61,245807.0,509361318.4,4.64
301072,中捷精工,34.91,6.6,23347.0,78710814.0,3.48
301529,福赛科技,81.03,6.58,18724.0,147296891.6,2.95
301196,唯科科技,72.19,6.58,36718.0,255850056.41,3.41
603990,麦迪科技,19.14,6.57,216680.0,410586538.0,7.1
301265,华新科技,18.98,6.57,44168.0,81512160.8,1.81
600498,烽火通信,36.72,6.56,687316.0,2425656292.0,5.41
600552,凯盛科技,17.06,6.56,516957.0,858939609.0,5.47
601133,柏诚股份,24.71,6.55,95706.0,228858401.0,1.83
603690,至纯科技,23.27,6.55,441206.0,997358809.0,11.52
300136,信维通信,63.45,6.55,450571.0,2775280985.51,5.46
688168,安博通,35.28,6.55,38648.0,133522268.0,3.58
688105,诺唯赞,19.67,6.55,107064.0,207645836.0,2.07
688428,诺诚健华,27.02,6.55,79192.0,210981210.0,2.9
300054,鼎龙股份,74.63,6.54,312026.0,2271828938.64,4.19
300475,香农芯创,151.5,6.54,220386.0,3257411548.39,4.9
688112,鼎阳科技,50.92,6.53,13948.0,68839650.0,0.87
603118,共进股份,14.52,6.53,1210951.0,1743659440.0,15.38
688337,普源精电,43.08,6.53,34620.0,144607791.0,1.86
002837,英维克,52.66,6.53,356143.0,1815837126.61,3.15
600246,万通发展,11.74,6.53,933255.0,1066493070.0,4.94
688120,华海清科,242.97,6.51,136217.0,3196708299.0,2.74
300863,卡倍亿,37.01,6.5,64732.0,233523082.13,2.58
300860,锋尚文化,26.38,6.5,35148.0,91310831.02,3.21
688380,中微半导,39.05,6.49,101392.0,387506343.0,2.53
688702,盛科通信-U,359.89,6.48,83430.0,2969719885.0,4.11
301310,鑫宏业,54.11,6.47,57997.0,308244028.94,9.51
605228,神通科技,11.21,6.46,90061.0,99145958.0,1.89
002138,顺络电子,50.28,6.46,391610.0,1888163495.92,5.11
688138,清溢光电,30.98,6.46,64136.0,193258413.0,2.04
688216,气派科技,28.89,6.45,38817.0,108904186.0,3.65
300283,温州宏丰,14.35,6.45,260480.0,362523632.4,7.09
688035,德邦科技,59.98,6.44,32722.0,190455089.0,2.3
603316,诚邦股份,13.57,6.43,103021.0,136737411.0,3.9
002943,宇晶股份,30.96,6.43,68510.0,209758404.12,3.63
688478,晶升股份,43.95,6.42,37302.0,159405106.0,2.7
300687,赛意信息,26.53,6.42,142897.0,369594646.99,4.25
600396,华电辽能,17.42,6.41,2175814.0,3695649421.0,14.77
688343,云天励飞-U,60.33,6.4,97276.0,575944648.0,2.71
000691,亚太实业,9.66,6.39,106497.0,100920940.0,3.29
603800,洪田股份,55.82,6.38,53847.0,292820002.0,2.59
688786,悦安新材,26.85,6.38,34525.0,90367185.0,2.0
601168,西部矿业,40.64,6.36,514755.0,2054570087.0,2.16
300671,富满微,58.27,6.35,121716.0,686147691.38,5.51
301051,信濠光电,14.62,6.33,68884.0,99084657.8,3.05
688123,聚辰股份,119.61,6.32,60500.0,699508983.0,3.81
688605,先锋精科,71.45,6.32,54818.0,381023945.0,5.06
301186,超达装备,35.05,6.31,15598.0,53832857.6,1.45
600234,科新发展,19.44,6.29,26824.0,51418922.0,1.02
688653,康希通信,12.34,6.29,121474.0,146713866.0,3.84
300508,维宏股份,44.87,6.28,40919.0,179111456.19,4.99
688172,燕东微,52.84,6.28,108430.0,560635214.0,0.9
601126,四方股份,44.77,6.27,310960.0,1354136653.0,3.77
300236,上海新阳,90.53,6.23,90857.0,801363645.49,3.26
002297,博云新材,17.94,6.22,429995.0,750302173.44,7.5
300870,欧陆通,196.17,6.22,49583.0,944428824.87,3.25
301321,翰博高新,35.0,6.22,45553.0,153875091.1,3.09
300991,创益通,27.24,6.2,28417.0,76584059.0,3.08
300319,麦捷科技,16.09,6.2,740791.0,1153103670.45,8.7
002787,华源控股,20.9,6.2,135962.0,275358676.0,5.48
603132,金徽股份,18.17,6.2,75946.0,134383004.0,0.78
603688,石英股份,46.15,6.19,123271.0,553034517.0,2.28
300756,金马游乐,28.48,6.19,33971.0,94440395.2,1.77
300227,光韵达,10.47,6.19,177464.0,182826270.0,3.89
688598,金博股份,27.82,6.18,70943.0,192249346.0,3.48
300976,达瑞电子,51.87,6.18,30413.0,152964267.78,2.53
300560,中富通,15.11,6.18,110342.0,163007396.0,5.9
600226,亨通股份,5.68,6.17,950556.0,525775679.0,3.2
301086,鸿富瀚,105.64,6.17,33107.0,337221229.31,4.75
688234,天岳先进,91.78,6.17,83968.0,748429366.0,1.95
688378,奥来德,39.22,6.14,48586.0,184726992.0,2.02
002849,威星智能,15.21,6.14,55689.0,83768363.0,2.54
688809,强一股份,470.0,6.13,15366.0,695869470.0,5.93
688286,敏芯股份,43.34,6.12,30019.0,126645576.0,3.83
600584,长电科技,69.41,6.12,1173295.0,7926727641.0,6.56
600026,中远海能,17.88,6.11,616271.0,1059440381.0,1.61
688150,莱特光电,37.06,6.1,67824.0,244193409.0,1.69
688253,英诺特,59.45,6.1,12444.0,72616834.0,0.91
600105,永鼎股份,36.38,6.1,2022289.0,6984208191.0,13.83
301536,星宸科技,115.22,6.09,147502.0,1661390550.36,7.88
300195,长荣股份,5.58,6.08,210567.0,116011783.92,6.71
002283,天润工业,9.07,6.08,196639.0,174722386.24,1.96
600650,锦江在线,11.03,6.06,124954.0,139190649.0,3.2
605111,新洁能,52.48,6.06,123580.0,629817490.0,2.98
688785,恒运昌,251.01,6.05,5079.0,124557321.0,3.75
601002,晋亿实业,5.45,6.03,303970.0,164191842.0,3.18
688625,呈和科技,54.12,6.03,31844.0,166681383.0,1.23
300083,创世纪,12.51,6.02,643245.0,787868528.17,4.31
600522,中天科技,31.74,6.01,2282387.0,6978803609.0,6.69
688307,中润光学,43.39,6.01,38028.0,159128284.0,3.06
300598,诚迈科技,31.64,6.0,111480.0,354152241.12,5.14
600869,远东股份,15.01,6.0,929820.0,1348817066.0,4.19
688531,日联科技,127.48,5.99,40041.0,491798012.0,3.49
002208,合肥城建,11.33,5.99,524936.0,580129834.93,6.54
002185,华天科技,16.46,5.99,2802015.0,4500058879.26,8.43
001331,胜通能源,49.91,5.99,114923.0,569817966.05,4.02
002841,视源股份,48.9,5.98,111379.0,532653933.21,2.14
688083,中望软件,52.42,5.98,30773.0,158666056.0,1.81
002645,华宏科技,18.24,5.98,386283.0,687328031.07,5.68
300943,春晖智控,26.6,5.98,92498.0,239826924.89,6.93
000960,锡业股份,38.51,5.97,505298.0,1912856711.97,3.07
002716,湖南白银,8.7,5.97,989093.0,840298305.42,4.26
688323,瑞华泰,25.96,5.96,115045.0,289433898.0,5.74
688388,嘉元科技,26.33,5.96,265430.0,679887663.0,4.02
603680,今创集团,10.68,5.95,104825.0,111125814.0,1.34
300497,富祥股份,17.48,5.94,236483.0,405799480.58,5.23
688178,万德斯,26.91,5.94,13267.0,35199078.0,1.56
301027,华蓝集团,20.34,5.94,44493.0,88450544.42,3.67
300097,智云股份,8.76,5.93,72652.0,61885082.58,2.69
301550,斯菱智驱,74.81,5.93,40481.0,295041567.34,1.97
002046,国机精工,46.15,5.92,81536.0,367564833.57,1.54
300257,开山股份,19.32,5.92,58299.0,109625070.44,0.61
002965,祥鑫科技,30.65,5.91,137899.0,413497439.02,7.24
002741,光华科技,23.02,5.89,177586.0,397431445.67,4.13
300655,晶瑞电材,12.78,5.88,519976.0,650072667.97,4.64
688020,方邦股份,116.87,5.88,26867.0,301065863.0,3.26
688175,高凌信息,18.23,5.87,24804.0,44195548.0,1.48
300984,金沃股份,33.92,5.87,26539.0,87932064.46,2.14
301571,国科天成,59.11,5.86,38389.0,222541498.45,3.22
300668,杰恩股份,39.42,5.85,29536.0,114660185.0,2.96
688179,阿拉丁,19.37,5.85,73416.0,138862561.0,2.03
605020,永和股份,34.54,5.85,110985.0,375509688.0,2.21
600360,华微电子,10.14,5.85,525032.0,520790368.0,5.47
688376,美埃科技,65.56,5.84,18906.0,121067284.0,1.4
600301,华锡有色,47.63,5.84,120429.0,561156093.0,4.37
688031,星环科技-U,110.35,5.82,73550.0,796163473.0,6.07
300085,银之杰,32.37,5.82,465242.0,1480254053.12,7.14
002414,高德红外,13.67,5.8,882982.0,1183202157.3,2.6
300170,汉得信息,17.87,5.8,780041.0,1377234166.33,7.85
603682,锦和商管,10.77,5.8,338442.0,353821466.0,7.16
300263,隆华科技,9.49,5.8,557064.0,513502940.86,5.71
688041,海光信息,291.33,5.8,177118.0,5091083081.0,0.76
000021,深科技,38.66,5.8,1028246.0,3882431412.97,6.53
688485,九州一轨,54.9,5.8,35434.0,186016659.0,2.36
688550,瑞联新材,38.22,5.78,37942.0,142559423.0,2.15
688097,博众精工,42.99,5.78,50476.0,212673661.0,1.13
300395,菲利华,79.39,5.78,156131.0,1203805844.69,3.05
301150,中一科技,36.22,5.78,121150.0,427421140.64,3.99
688176,亚虹医药-U,12.28,5.77,123684.0,149518481.0,2.16
000408,藏格矿业,85.6,5.77,141393.0,1196676262.2,0.9
300959,线上线下,97.31,5.77,19259.0,182899402.0,3.68
688019,安集科技,240.8,5.77,58061.0,1367965756.0,2.54
603139,康惠股份,35.57,5.77,21998.0,76885988.0,2.2
688102,斯瑞新材,33.36,5.77,127496.0,413907141.0,1.64
688182,灿勤科技,25.14,5.76,35780.0,87720082.0,0.89
300042,朗科科技,44.06,5.76,133233.0,572915516.07,6.65
301376,致欧科技,20.43,5.75,53454.0,108390510.44,2.76
688126,沪硅产业,25.19,5.75,799374.0,1962076309.0,2.81
301421,波长光电,72.1,5.75,59707.0,418539933.74,12.89
688133,泰坦科技,22.1,5.74,36634.0,79639568.0,2.23
002979,雷赛智能,60.01,5.74,104723.0,616631231.38,4.7
002903,宇环数控,26.2,5.73,75417.0,194194991.77,7.07
301379,天山电子,21.02,5.73,161333.0,332034644.2,7.38
605589,圣泉集团,38.28,5.72,339192.0,1259786694.0,4.01
300323,华灿光电,11.66,5.71,474637.0,539475607.85,4.0
001309,德明利,384.97,5.71,182146.0,6811837389.03,11.04
002064,华峰化学,11.5,5.7,447768.0,503505453.32,0.9
688711,宏微科技,24.4,5.67,58240.0,138757446.0,2.69
688279,峰岹科技,164.85,5.67,12355.0,198463300.0,1.32
300780,德恩精工,19.41,5.66,46400.0,88248236.0,4.31
003043,华亚智能,65.5,5.65,36109.0,229553197.23,3.84
603931,格林达,34.05,5.65,72039.0,240328225.0,3.61
300745,欣锐科技,27.76,5.63,65869.0,177147461.77,4.63
300576,容大感光,27.94,5.63,160409.0,437704016.75,6.31
301377,鼎泰高科,396.87,5.63,32260.0,1230061767.11,3.26
603991,领先股份,123.01,5.63,18464.0,222285412.0,2.06
600895,张江高科,32.81,5.63,392744.0,1270861717.0,2.54
301248,杰创智能,60.21,5.63,55750.0,325248101.36,4.96
603163,圣晖集成,77.85,5.63,28989.0,220207344.0,2.9
688721,龙图光罩,37.99,5.62,31383.0,116109707.0,5.87
688820,盛合晶微,133.43,5.62,122008.0,1590659312.0,7.06
688275,万润新能,80.26,5.62,24006.0,188085823.0,1.9
301237,和顺科技,51.0,5.61,11801.0,58905363.0,2.03
300990,同飞股份,70.59,5.61,48790.0,333058889.48,6.27
301630,同宇新材,162.33,5.61,11769.0,185716857.8,5.61
300857,协创数据,254.52,5.61,263079.0,6505005185.85,5.4
000782,恒申新材,7.35,5.6,108035.0,78082371.0,2.05
000032,深桑达Ａ,14.7,5.6,370680.0,535481072.97,3.05
002713,东易日盛,10.21,5.58,149411.0,149957164.79,2.84
002008,大族激光,93.16,5.56,320352.0,2886617974.69,3.35
600259,中稀有色,83.15,5.56,97506.0,792980207.0,2.9
600909,华安证券,8.18,5.55,1501394.0,1204514540.0,2.99
603040,新坐标,56.27,5.55,15000.0,83213825.0,0.76
600711,盛屯矿业,11.44,5.54,949132.0,1075805946.0,3.07
603324,盛剑科技,26.15,5.53,49214.0,125472711.0,3.33
002436,兴森科技,30.32,5.53,925374.0,2714819182.53,6.1
300378,鼎捷数智,37.3,5.52,154167.0,560103764.45,5.72
300953,震裕科技,99.9,5.52,52428.0,514663843.44,3.0
301520,万邦医药,48.48,5.51,78885.0,376631824.48,24.12
301328,维峰电子,48.27,5.51,15930.0,74997041.67,1.38
300199,翰宇药业,22.43,5.5,341633.0,751050516.85,4.58
688331,荣昌生物,117.47,5.5,45403.0,524828177.0,1.28
000977,浪潮信息,78.22,5.5,788816.0,6100914056.01,5.38
605179,一鸣食品,22.88,5.49,304165.0,687724350.0,7.59
688238,和元生物,6.15,5.49,158887.0,95856421.0,2.45
301201,诚达药业,31.38,5.48,53716.0,166895357.5,4.95
001326,联域股份,54.49,5.48,14970.0,80514150.3,6.23
002155,湖南黄金,24.3,5.47,399727.0,951392792.13,2.56
600141,兴发集团,32.01,5.47,354479.0,1112191188.0,2.95
300751,迈为股份,164.4,5.47,53495.0,848928814.42,2.77
688210,统联精密,27.21,5.47,23561.0,63065183.0,1.45
688256,寒武纪,1137.04,5.46,120400.0,13505176560.0,1.92
688603,天承科技,96.6,5.46,36699.0,345468863.0,2.94
301176,逸豪新材,43.7,5.45,73434.0,309225666.81,4.48
301360,荣旗科技,50.7,5.45,15708.0,77542273.8,4.61
600531,豫光金铅,12.8,5.44,432866.0,543319812.0,3.58
688691,灿芯股份,64.58,5.44,37895.0,238356129.0,5.19
600545,卓郎智能,4.27,5.43,572960.0,238759199.0,3.2
002289,宇顺电子,33.02,5.43,60362.0,198274048.63,2.2
603335,迪生力,6.41,5.43,104529.0,66152214.0,2.44
603065,宿迁联盛,15.33,5.43,350694.0,531286427.0,8.37
603859,能科科技,44.17,5.42,100714.0,433540917.0,4.12
688387,信科移动-U,13.81,5.42,361765.0,487637319.0,1.79
300720,海川智能,62.99,5.42,142131.0,879611119.83,7.72
003026,中晶科技,27.99,5.42,77289.0,211686995.03,5.35
688448,磁谷科技,49.9,5.41,15827.0,78030674.0,1.62
688630,芯碁微装,358.41,5.41,46918.0,1622321866.0,3.56
688206,概伦电子,34.31,5.41,52153.0,176123452.0,1.19
002897,意华股份,55.27,5.4,79396.0,427915372.48,4.31
688045,必易微,51.74,5.4,13084.0,66074329.0,1.85
301232,飞沃科技,109.6,5.39,24653.0,264993095.89,3.95
000034,神州数码,26.24,5.38,419423.0,1087119844.07,4.94
300985,致远新能,30.35,5.38,24578.0,73342703.0,1.32
300264,佳创视讯,6.85,5.38,127169.0,85980995.4,3.43
301251,威尔高,32.56,5.37,42432.0,133542253.88,5.61
300814,中富电路,114.58,5.36,61762.0,682058473.54,3.23
301007,德迈仕,28.91,5.36,40369.0,117401087.83,2.67
688209,英集芯,22.04,5.35,72979.0,157094106.0,1.68
300911,亿田智能,22.86,5.35,101439.0,229999509.04,5.92
002805,丰元股份,18.36,5.34,103590.0,185457042.2,3.72
301319,唯特偶,97.75,5.33,106382.0,997933855.09,7.74
002973,侨银股份,10.08,5.33,46778.0,45673476.08,1.47
600547,山东黄金,28.52,5.32,623122.0,1750773510.0,1.72
300429,强力新材,10.3,5.32,196750.0,197981140.53,4.71
600392,盛和资源,22.58,5.32,731556.0,1630803453.0,4.17
300905,宝丽迪,39.04,5.31,36647.0,139676712.6,2.62
000534,万泽股份,27.22,5.3,133000.0,355591637.24,2.65
688173,希荻微,13.51,5.3,75726.0,100615736.0,1.84
301092,争光股份,43.34,5.3,33144.0,140381156.64,5.44
301098,金埔园林,8.35,5.3,103861.0,86347778.17,5.38
002774,快意电梯,15.54,5.28,61530.0,93375076.0,2.18
300438,鹏辉能源,63.46,5.28,126939.0,784999735.9,3.14
301387,光大同创,52.9,5.27,16634.0,85484868.68,3.9
300853,申昊科技,26.19,5.27,38059.0,97265085.64,3.87
300503,昊志机电,71.89,5.27,155512.0,1091393438.27,6.45
688010,福光股份,26.59,5.27,29709.0,77314705.0,1.85
688813,泰金新能,106.02,5.26,24856.0,255395374.0,8.26
301313,凡拓数创,37.43,5.26,100631.0,367896816.55,12.81
688811,有研复材,22.83,5.26,65219.0,145244130.0,7.08
603993,洛阳钼业,20.2,5.26,2366878.0,4702157416.0,1.36
601061,中信金属,12.24,5.25,195419.0,236995797.0,0.4
301580,爱迪特,53.06,5.24,45713.0,238505408.78,4.53
300390,天华新能,59.4,5.24,224476.0,1307687324.39,3.34
300196,长海股份,17.29,5.23,148539.0,251190221.02,6.01
688320,禾川科技,31.2,5.23,31567.0,97649758.0,2.09
002156,通富微电,58.51,5.23,1122228.0,6361176798.74,7.4
688628,优利德,65.24,5.23,42202.0,269068631.0,3.78
002654,万润科技,12.71,5.22,389594.0,485675925.79,4.61
603726,朗迪集团,23.58,5.22,41625.0,96070916.0,2.25
301123,奕东电子,65.23,5.21,65996.0,416692857.88,4.0
603110,东方材料,23.62,5.21,91182.0,213681846.0,4.53
301528,多浦乐,48.23,5.21,10050.0,47482129.47,2.17
600703,三安光电,13.36,5.2,1630618.0,2139307171.0,3.27
301531,春光集团,51.35,5.2,30284.0,152914023.75,6.46
301172,君逸数码,18.03,5.19,52794.0,93492251.06,3.17
605318,法狮龙,74.75,5.18,8689.0,63722336.0,0.69
300174,元力股份,19.09,5.18,131458.0,245241756.76,3.63
603895,天永智能,24.78,5.18,12261.0,30056368.0,1.13
301189,奥尼电子,46.66,5.18,30481.0,139940860.43,1.93
300968,格林精密,10.99,5.17,163370.0,178533257.24,3.95
300467,迅游科技,34.79,5.17,29318.0,100748317.0,1.72
300005,探路者,10.59,5.16,366053.0,378916183.43,4.18
600345,长江通信,45.45,5.16,70603.0,310003830.0,3.34
688352,颀中科技,15.5,5.16,164228.0,247269285.0,4.48
300721,怡达股份,22.03,5.16,64012.0,137903354.0,4.63
688062,迈威生物-U,28.52,5.16,63594.0,177841045.0,2.76
001212,中旗新材,34.89,5.15,37130.0,126658460.0,2.14
000725,京东方Ａ,5.92,5.15,15220637.0,8793826462.06,4.3
300537,广信材料,19.01,5.14,86292.0,160650050.54,5.69
600460,士兰微,30.61,5.12,733625.0,2192090314.0,4.41
300250,初灵信息,16.41,5.12,186935.0,305935050.88,11.87
688678,福立旺,17.05,5.12,121500.0,205876042.0,3.01
601069,西部黄金,26.7,5.12,188430.0,492723420.0,2.12
300130,新国都,20.13,5.12,140554.0,277405283.58,3.24
688114,华大智造,52.76,5.12,46052.0,238906859.0,1.11
301197,工大科雅,25.19,5.09,35727.0,88267330.8,3.29
002768,国恩股份,56.32,5.07,107219.0,584654423.63,4.25
300572,安车检测,20.09,5.07,37223.0,72244826.45,2.05
002913,奥士康,47.07,5.07,65535.0,300048024.21,2.15
300602,飞荣达,36.11,5.06,139923.0,494901290.6,3.49
000338,潍柴动力,30.09,5.06,658365.0,1938391204.64,1.33
688077,大地熊,24.96,5.05,32010.0,79647449.0,2.8
688716,中研股份,29.12,5.05,21730.0,62218039.0,3.11
300932,三友联众,9.98,5.05,127629.0,126123729.34,4.0
002290,禾盛新材,57.04,5.05,48117.0,266078539.34,1.95
688008,澜起科技,213.5,5.04,362113.0,7539368606.0,3.16
603032,德新科技,18.54,5.04,93801.0,171623783.0,4.03
688108,赛诺医疗,17.7,5.04,85309.0,148311937.0,2.04
300201,海伦哲,15.67,5.03,276522.0,425021151.57,2.76
688319,欧林生物,24.45,5.03,57345.0,138734707.0,1.41
688802,沐曦股份-U,731.01,5.02,9882.0,709843531.0,5.33
002338,奥普光电,41.91,5.01,57410.0,234709689.4,2.39
300662,科锐国际,20.95,5.01,66947.0,138205710.64,3.41
688107,安路科技,31.26,5.01,56489.0,173462769.0,1.41
605168,三人行,39.45,5.0,43109.0,166684830.0,2.04
688215,瑞晟智能,36.18,4.99,8982.0,32183716.0,0.99
300786,国林科技,15.15,4.99,76783.0,114075191.6,5.24
301013,利和兴,45.36,4.98,415773.0,1809280891.52,21.97
603488,展鹏科技,8.44,4.98,46098.0,38087360.0,1.58
301323,新莱福,73.57,4.97,12337.0,88737825.0,1.8
688220,翱捷科技-U,97.3,4.96,60740.0,582104267.0,1.45
002730,电光科技,22.24,4.96,54161.0,118146437.0,1.57
688295,中复神鹰,41.9,4.96,62891.0,260223255.0,0.7
603730,岱美股份,10.36,4.96,170813.0,173137229.0,0.79
688712,北芯生命,34.74,4.95,67811.0,221580179.0,14.87
601899,紫金矿业,33.71,4.95,2585029.0,8596721528.0,1.25
301393,昊帆生物,58.89,4.95,25383.0,146901351.89,5.77
301458,钧崴电子,36.78,4.94,53502.0,192217346.03,4.55
600520,三佳科技,23.39,4.93,64643.0,148201728.0,4.08
301365,矩阵股份,37.03,4.93,26358.0,96776820.02,2.14
300596,利安隆,40.94,4.92,26930.0,108378510.24,1.2
605588,冠石科技,44.14,4.92,13641.0,58832142.0,1.87
300037,新宙邦,66.69,4.91,108507.0,708589043.33,1.98
300373,扬杰科技,91.05,4.9,123996.0,1107552211.29,2.29
600497,驰宏锌锗,10.07,4.9,1423708.0,1413574810.0,2.82
688618,三旺通信,28.3,4.89,16330.0,45468216.0,1.48
603893,瑞芯微,198.5,4.88,142017.0,2792910561.0,3.36
300473,德尔股份,22.38,4.87,34254.0,75480304.0,2.28
600446,金证股份,11.85,4.87,379768.0,454350595.0,4.03
002192,融捷股份,67.34,4.87,86675.0,572240689.25,3.35
300609,汇纳科技,26.26,4.87,28464.0,73650805.0,2.37
688719,爱科赛博,47.2,4.87,18234.0,84298324.0,2.03
300342,天银机电,35.84,4.86,109880.0,387412480.28,2.62
605198,安德利,59.43,4.85,17634.0,103437443.0,0.65
603375,盛景微,35.95,4.84,18782.0,66676758.0,2.94
688001,华兴源创,47.48,4.84,50610.0,233416632.0,1.07
301193,家联科技,17.56,4.84,27493.0,47797207.54,1.49
300433,蓝思科技,34.54,4.83,818216.0,2765942869.32,1.65
301046,能辉科技,19.11,4.83,25037.0,46999261.4,1.92
300684,中石科技,47.15,4.82,100909.0,464921304.7,4.93
301280,珠城科技,39.55,4.82,13430.0,52256635.64,1.35
300656,民德电子,25.05,4.81,29465.0,72500068.7,2.22
688449,联芸科技,55.65,4.8,59455.0,323436477.0,2.03
301200,大族数控,259.38,4.8,32064.0,805735373.95,0.75
002993,奥海科技,37.1,4.8,47509.0,173465545.66,1.99
301626,苏州天脉,230.53,4.79,13238.0,297976572.28,2.52
300938,信测标准,26.46,4.79,89338.0,229815343.44,3.02
300188,国投智能,12.26,4.79,345767.0,414513896.94,4.04
688227,品高股份,78.35,4.76,34241.0,264550769.0,3.03
002824,和胜股份,21.81,4.76,105607.0,224822294.21,4.67
300964,本川智能,51.51,4.76,31046.0,155885529.12,3.96
002885,京泉华,26.2,4.76,118090.0,302012723.1,4.98
300553,集智股份,43.8,4.76,24860.0,106592159.15,2.92
601858,中国科传,25.08,4.76,290918.0,717903553.0,3.68
300825,阿尔特,11.47,4.75,216580.0,246843113.93,4.47
002407,多氟多,32.85,4.75,1167758.0,3721432329.49,10.82
002534,西子洁能,15.45,4.75,120159.0,183180589.55,1.46
603155,新亚强,13.23,4.75,70704.0,91997379.0,1.54
688103,国力电子,68.52,4.75,25108.0,168590330.0,2.63
000070,特发信息,14.15,4.74,487909.0,670373303.3,5.7
300819,聚杰微纤,45.82,4.73,27286.0,122994066.71,2.02
301168,通灵股份,42.52,4.73,16701.0,69846945.16,1.75
688697,纽威数控,14.38,4.73,85540.0,122012461.0,1.34
603890,春秋电子,18.21,4.72,178070.0,316976121.0,3.99
002989,中天精装,22.83,4.72,81240.0,180197378.6,4.11
002937,兴瑞科技,28.84,4.72,54478.0,153394665.08,1.73
600726,华电能源,6.23,4.71,1598671.0,974283597.0,2.14
300033,同花顺,244.5,4.71,132577.0,3182477246.28,3.02
688386,泛亚微透,53.4,4.71,13991.0,73342633.0,1.54
300586,美联新材,8.69,4.7,162719.0,137758365.83,3.04
300762,上海瀚讯,32.3,4.7,176474.0,557078529.1,2.81
601958,金钼股份,22.98,4.69,440277.0,992321104.0,1.36
002303,美盈森,5.14,4.68,1013819.0,520761831.55,10.49
002955,鸿合科技,33.35,4.68,37085.0,122949488.45,1.9
002871,伟隆股份,16.77,4.68,33078.0,54223280.91,2.22
300128,锦富技术,4.71,4.67,223295.0,103090360.86,1.72
002607,中公教育,2.24,4.67,4664909.0,1052425205.34,8.42
300435,中泰股份,17.25,4.67,76011.0,128301986.0,2.06
300593,新雷能,26.75,4.66,255710.0,657633602.77,5.68
688228,开普云,74.5,4.66,25552.0,187652011.0,3.78
688221,前沿生物-U,18.89,4.65,100021.0,185745600.0,2.67
688733,壹石通,27.9,4.65,39805.0,108679798.0,1.99
301282,金禄电子,22.97,4.65,47978.0,107748041.81,2.72
002149,西部材料,37.46,4.64,240970.0,888791644.61,4.94
301171,易点天下,39.34,4.63,846125.0,3283719838.2,16.86
000007,全新好,9.71,4.63,56120.0,53174701.1,1.62
301128,强瑞技术,99.96,4.62,38378.0,373254435.47,3.01
300739,明阳电路,21.72,4.62,82343.0,174593448.27,2.72
001308,康冠科技,18.83,4.61,41532.0,78042739.57,0.85
300151,昌红科技,14.97,4.61,91813.0,134753627.64,2.49
603607,京华激光,21.36,4.6,32072.0,67681084.0,1.8
688017,绿的谐波,341.01,4.6,87285.0,2913388870.0,4.76
603010,万盛股份,10.7,4.59,76020.0,80245733.0,1.33
300736,百邦科技,28.75,4.58,31035.0,88039723.0,2.49
301161,唯万密封,26.92,4.58,27821.0,73789396.52,3.6
002169,智光电气,12.32,4.58,197053.0,239967395.63,2.6
301563,云汉芯城,123.86,4.58,16601.0,201303720.91,8.68
002709,天赐材料,38.81,4.58,465903.0,1786382875.93,3.09
688068,热景生物,103.45,4.57,25925.0,261884573.0,2.79
688385,复旦微电,53.06,4.57,100580.0,524826528.0,1.86
002345,潮宏基,10.53,4.57,207829.0,216823603.0,2.4
688577,浙海德曼,41.68,4.57,8344.0,34331639.0,0.54
300889,爱克股份,19.94,4.56,32770.0,64537196.2,2.24
300709,精研科技,36.8,4.55,77387.0,280094431.97,5.16
002672,东江环保,3.68,4.55,107930.0,38951551.0,1.19
603601,再升科技,9.19,4.55,561567.0,508639329.0,4.92
688353,华盛锂电,93.71,4.55,45959.0,425259364.0,2.88
603936,博敏电子,14.05,4.54,330488.0,450676664.0,5.24
300931,通用电梯,11.52,4.54,24419.0,27717340.47,1.25
300933,中辰股份,6.91,4.54,336767.0,235429513.56,6.16
688087,英科再生,40.51,4.54,12768.0,51079913.0,0.69
002745,木林森,10.61,4.53,464032.0,478567456.68,4.36
301603,乔锋智能,119.48,4.53,20071.0,235046779.03,5.32
002134,天津普林,20.53,4.53,55755.0,112312158.0,2.25
600962,国投中鲁,28.86,4.53,65248.0,186408008.0,2.49
603285,键邦股份,32.98,4.53,29324.0,96036385.0,4.71
301221,光庭信息,29.45,4.51,28181.0,82337048.39,3.15
688629,华丰科技,145.0,4.5,127439.0,1816358254.0,2.76
688356,键凯科技,69.06,4.49,8760.0,59951092.0,1.44
301042,安联锐视,29.36,4.48,51624.0,149495242.19,5.6
300607,拓斯达,33.22,4.47,216399.0,706224018.68,6.41
300843,胜蓝股份,117.57,4.46,64468.0,741607824.52,4.02
605155,西大门,14.07,4.45,86660.0,125036956.0,4.64
002738,中矿资源,51.41,4.45,158480.0,803653065.05,2.23
600400,红豆股份,3.05,4.45,285083.0,85553345.0,1.24
000672,上峰材料,13.88,4.44,131635.0,179489057.0,1.36
300983,尤安设计,39.28,4.44,11605.0,44818490.03,0.76
603380,易德龙,32.76,4.43,21592.0,69876052.0,1.35
002364,中恒电气,39.23,4.42,246354.0,944563132.81,4.41
301687,新广益,48.87,4.42,28431.0,136448353.17,9.13
002131,利欧股份,5.67,4.42,9086739.0,5029283840.8,15.52
002635,安洁科技,14.69,4.41,148735.0,213781716.99,3.76
301295,美硕科技,42.74,4.4,22031.0,93531394.55,7.49
300679,电连技术,40.55,4.4,116473.0,458280701.24,3.24
688800,瑞可达,51.99,4.4,84064.0,424968938.0,2.91
600588,用友网络,11.88,4.39,1153566.0,1356159952.0,3.38
300626,华瑞股份,29.71,4.39,44689.0,131580449.0,2.48
002446,盛路通信,8.34,4.38,178098.0,145217057.49,2.1
301316,慧博云通,40.09,4.37,91403.0,361688090.51,2.34
301508,中机认检,24.68,4.36,35312.0,87178884.8,6.0
002947,恒铭达,56.52,4.36,41642.0,230534393.0,2.1
300401,花园生物,13.42,4.35,147683.0,195222193.54,2.76
600490,鹏欣资源,6.99,4.33,317311.0,219522419.0,1.59
300454,深信服,127.79,4.32,194081.0,2456809812.93,6.74
688183,生益电子,107.22,4.31,111388.0,1159089346.0,1.33
301055,张小泉,28.84,4.3,24627.0,69760845.62,1.61
603296,华勤技术,79.84,4.3,198979.0,1574494319.0,2.49
301031,中熔电气,88.21,4.3,17412.0,150481792.79,1.52
301218,华是科技,39.76,4.3,38479.0,150150907.51,5.49
300698,万马科技,26.52,4.29,73265.0,197893839.12,6.18
002643,万润股份,13.85,4.29,159323.0,216665635.87,1.77
300812,易天股份,19.22,4.29,51335.0,96449428.4,2.88
688230,芯导科技,53.13,4.28,12314.0,64533057.0,1.05
301358,湖南裕能,65.99,4.28,107002.0,696601535.69,1.4
300842,帝科股份,55.89,4.27,25030.0,137543139.76,1.94
601212,白银有色,5.37,4.27,1091948.0,577620418.0,1.47
300491,通合科技,27.92,4.26,66807.0,182988063.14,4.24
301591,肯特股份,28.62,4.26,23167.0,64906815.2,5.18
600366,宁波韵升,11.98,4.26,469425.0,556888037.0,4.27
000630,铜陵有色,6.61,4.26,2715437.0,1775028058.13,2.44
688225,亚信安全,13.22,4.26,54458.0,71094860.0,1.36
688163,赛伦生物,30.58,4.26,6183.0,18584235.0,0.57
002585,双星新材,9.33,4.25,985141.0,898250574.02,11.11
300757,罗博特科,467.06,4.25,75439.0,3495874288.61,4.64
000823,超声电子,13.97,4.25,416556.0,570148372.68,7.0
600405,动力源,4.42,4.25,78143.0,34283149.0,1.28
688726,拉普拉斯,44.51,4.24,61796.0,269364325.0,2.81
603666,亿嘉和,24.83,4.24,31706.0,77948686.0,1.54
300243,瑞丰高材,14.01,4.24,89193.0,122804053.9,3.99
688251,井松智能,21.68,4.23,26654.0,57583836.0,2.67
002912,中新赛克,21.92,4.23,134690.0,293956924.97,8.3
002806,华锋股份,13.55,4.23,52483.0,69976404.3,3.01
300137,先河环保,12.08,4.23,180703.0,214751356.0,3.41
603267,鸿远电子,52.89,4.22,91906.0,476417546.0,3.98
688199,久日新材,22.22,4.22,30469.0,66600233.0,1.89
301209,联合化学,48.19,4.22,24356.0,114605500.4,1.82
301666,大普微-UW,428.96,4.22,22401.0,944890299.06,8.45
688070,纵横股份,34.68,4.21,13654.0,47299937.0,1.54
688052,纳芯微,199.38,4.21,16812.0,331003333.0,1.17
301592,六九一二,102.65,4.21,7559.0,76219324.6,3.24
300920,润阳科技,30.43,4.21,9734.0,29130949.3,1.13
603319,美湖股份,24.49,4.21,80381.0,192757002.0,2.37
300322,硕贝德,17.82,4.21,135137.0,236472872.51,3.07
688981,中芯国际,126.19,4.2,408307.0,5090418676.0,2.04
003019,宸展光电,23.65,4.19,30640.0,71095914.0,1.77
000703,恒逸石化,16.43,4.19,752314.0,1197108789.81,1.98
688523,航天环宇,46.23,4.19,34334.0,157152007.0,0.84
300836,佰奥智能,49.7,4.19,20300.0,99348307.66,3.2
300969,恒帅股份,75.86,4.19,14879.0,111099120.8,1.9
688489,三未信安,23.88,4.19,11064.0,26385861.0,0.66
300442,润泽科技,70.85,4.19,356736.0,2509400785.24,2.18
301372,科净源,29.93,4.18,9494.0,28084096.0,2.31
600362,江西铜业,45.84,4.18,508585.0,2300932867.0,2.45
688127,蓝特光学,63.02,4.17,72981.0,448002562.0,1.8
600712,南宁百货,5.75,4.17,556921.0,328416579.0,10.34
300669,沪宁股份,22.53,4.16,8415.0,18738914.8,0.46
688590,新致软件,13.78,4.16,67319.0,91648052.0,2.39
605289,罗曼股份,91.56,4.16,27877.0,250254573.0,1.83
002432,九安医疗,70.1,4.16,260077.0,1785057344.95,5.59
301182,凯旺科技,67.08,4.16,38768.0,253215258.16,4.44
002384,东山精密,186.53,4.15,1013226.0,18031899193.68,7.31
603738,泰晶科技,33.13,4.15,300942.0,969021678.0,7.8
300623,捷捷微电,25.41,4.14,178318.0,444516452.0,2.32
603683,晶华新材,15.1,4.14,158512.0,235239595.0,5.5
688728,格科微,15.58,4.14,264696.0,404915741.0,1.02
301302,华如科技,24.88,4.14,96120.0,235577797.0,6.92
601101,昊华能源,11.62,4.12,179314.0,204382463.0,1.25
301382,蜂助手,42.69,4.12,390019.0,1619735689.63,16.5
688171,纬德信息,28.02,4.12,10630.0,29323894.0,0.91
301269,华大九天,93.51,4.12,67573.0,621049311.76,1.23
301132,满坤科技,31.67,4.11,47503.0,146278322.04,5.01
688229,博睿数据,72.18,4.11,7959.0,56671775.0,1.79
603185,弘元绿能,16.47,4.11,118072.0,191863098.0,1.74
301169,零点有数,52.83,4.1,19961.0,104292433.14,2.77
688401,路维光电,68.34,4.1,44181.0,295683937.0,2.29
301678,新恒汇,45.16,4.1,22119.0,97897188.16,1.59
603580,艾艾精工,55.99,4.09,107836.0,590306822.0,8.25
300818,耐普矿机,21.39,4.09,38929.0,82052406.84,2.74
688655,迅捷兴,32.86,4.09,56692.0,179732130.0,4.25
002956,西麦食品,18.33,4.09,38077.0,68771847.08,1.22
688049,炬芯科技,42.73,4.09,65198.0,275362219.0,3.72
300643,万通智控,17.6,4.08,72209.0,124766896.29,3.13
301286,侨源股份,39.9,4.07,9996.0,39258794.34,0.62
301502,华阳智能,50.41,4.07,4237.0,20899158.0,1.8
300499,高澜股份,28.15,4.07,134250.0,370211415.08,4.95
688583,思看科技,79.72,4.07,12549.0,99573685.0,2.91
002171,楚江新材,9.99,4.06,321869.0,315611680.71,1.99
001400,江顺科技,73.31,4.06,13134.0,94762072.72,2.84
603500,祥和实业,9.22,4.06,46291.0,42147713.0,1.39
301068,大地海洋,29.1,4.04,10593.0,30348499.8,1.06
002028,思源电气,161.78,4.04,58019.0,919750451.92,0.95
002443,金洲管道,8.5,4.04,169695.0,141081329.0,3.26
300697,电工合金,14.41,4.04,89718.0,127656939.03,2.71
603019,中科曙光,89.0,4.03,436013.0,3845202992.0,2.98
600791,京能置业,6.97,4.03,84946.0,58363058.0,1.88
600410,华胜天成,16.25,4.03,1522896.0,2438989353.0,13.89
600500,中化国际,4.92,4.02,520765.0,252753179.0,1.45
000935,四川双马,23.04,4.02,35118.0,79814297.64,0.46
002886,沃特股份,18.93,4.01,56967.0,106053206.7,2.72
002353,杰瑞股份,147.5,4.01,112601.0,1631867124.22,1.63
002077,大港股份,12.46,4.01,328601.0,401934301.87,5.66
002669,康达新材,12.2,4.01,98600.0,118314658.16,3.26
603399,永杉锂业,15.59,4.0,392471.0,606866250.0,7.66
600191,华资实业,10.69,3.99,86246.0,90897791.0,1.78
688657,浩辰软件,32.07,3.99,16849.0,53200547.0,2.82
603920,世运电路,34.38,3.99,165896.0,558517137.0,2.3
300619,金银河,27.46,3.98,61678.0,166096934.73,3.24
000506,招金黄金,15.41,3.98,841111.0,1274015192.93,9.06
300939,秋田微,57.18,3.98,25984.0,144499644.01,2.17
301617,博苑新材,48.85,3.98,10660.0,51130524.3,1.55
603322,超讯科技,27.4,3.98,34085.0,92171145.0,2.16
300184,力源信息,12.58,3.97,499773.0,616549015.85,4.75
688709,成都华微,26.42,3.97,42122.0,109093390.0,1.9
688382,益方生物-U,19.43,3.96,129043.0,244782683.0,2.23
600601,方正科技,10.25,3.96,1372222.0,1363940561.0,3.29
688117,圣诺生物,24.73,3.95,42740.0,103860726.0,1.94
603119,浙江荣泰,54.15,3.95,68556.0,364388233.0,1.45
000831,中国稀土,51.1,3.95,240621.0,1219671558.17,2.27
603259,药明康德,146.94,3.95,1031843.0,15123818088.0,4.17
603290,斯达半导,86.06,3.94,59064.0,499930837.0,2.47
603386,骏亚科技,12.41,3.94,59331.0,72670908.0,1.82
688292,浩瀚深度,17.93,3.94,30745.0,54751312.0,1.94
003041,真爱美家,43.44,3.92,20980.0,90288312.38,1.53
301005,超捷股份,73.59,3.91,62156.0,449843367.9,3.38
603011,合锻智能,20.2,3.91,567871.0,1124729365.0,11.49
002653,海思科,63.51,3.91,52260.0,325582439.53,0.97
301322,绿通科技,35.87,3.91,24260.0,85403566.0,2.52
300221,银禧科技,12.5,3.91,143969.0,177562588.0,3.12
603933,睿能科技,19.16,3.9,33902.0,63915084.0,1.63
300769,德方纳米,46.07,3.9,87128.0,394871616.2,3.46
002668,TCL智家,10.38,3.9,164898.0,169748141.3,1.52
002518,科士达,33.38,3.89,80517.0,262912564.27,1.42
688326,经纬恒润-W,72.1,3.89,20929.0,150891492.0,1.87
688095,福昕软件,72.7,3.89,88096.0,627258656.0,9.64
002254,泰和新材,12.29,3.89,192612.0,232968939.08,2.26
002448,中原内配,12.29,3.89,197588.0,239105850.48,3.4
301317,鑫磊股份,43.6,3.88,16567.0,70910502.95,3.17
300127,银河磁体,24.87,3.88,56491.0,139980258.61,2.45
002272,川润股份,14.44,3.88,163551.0,232314257.29,4.01
300909,汇创达,44.68,3.88,20577.0,90743852.5,1.59
300767,震安科技,17.4,3.88,39545.0,67349215.45,1.65
001896,豫能控股,13.43,3.87,623451.0,819285501.91,4.09
600783,鲁信创投,17.72,3.87,209655.0,368548563.0,2.82
688518,联赢激光,19.86,3.87,88807.0,173441395.0,2.6
300852,四会富仕,41.66,3.86,72387.0,292090580.58,4.67
000923,河钢资源,15.07,3.86,119500.0,179756715.09,1.9
002202,金风科技,20.24,3.85,854409.0,1702290128.51,2.54
688661,和林微纳,97.4,3.85,46854.0,446610623.0,3.08
688239,航宇科技,44.8,3.85,22545.0,99262563.0,1.18
603803,瑞斯康达,10.25,3.85,148167.0,149306448.0,3.49
002921,联诚精密,23.23,3.84,76684.0,176400072.65,5.97
002916,深南电路,345.32,3.84,94611.0,3223168259.97,1.42
603005,晶方科技,31.63,3.84,325920.0,1010680487.0,5.0
688195,腾景科技,122.83,3.83,63539.0,751577753.0,3.51
002832,比音勒芬,26.27,3.83,107081.0,276951421.15,2.75
688061,灿瑞科技,35.86,3.82,6774.0,23874463.0,0.59
688301,奕瑞科技,90.03,3.82,43928.0,387511370.0,1.4
603976,正川股份,26.94,3.82,24647.0,65638099.0,1.44
688081,兴图新科,30.15,3.82,12773.0,38130766.0,1.24
300871,回盛生物,22.06,3.81,43819.0,95453314.44,2.17
002240,盛新锂能,30.54,3.81,267845.0,807074811.59,2.93
300694,蠡湖股份,10.63,3.81,39824.0,41907863.0,1.84
603530,神马电力,44.92,3.81,20694.0,90946633.0,0.48
600184,光电股份,17.71,3.81,109859.0,190477840.0,1.89
688291,金橙子,41.38,3.81,15091.0,61257377.0,1.47
002631,德尔未来,7.37,3.8,212741.0,153941072.82,2.68
300789,唐源电气,18.9,3.79,91240.0,171009584.38,6.54
003023,彩虹集团,21.65,3.79,30591.0,65793156.0,2.91
001388,信通电子,23.27,3.79,127969.0,298471209.79,10.23
688130,晶华微,20.29,3.79,14471.0,28843177.0,2.4
301682,宏明电子,129.7,3.78,18165.0,231251267.2,7.07
603161,科华控股,14.54,3.78,40324.0,57612406.0,2.11
688759,必贝特-U,23.04,3.78,36805.0,83041716.0,5.11
688309,恒誉环保,68.6,3.77,11677.0,78543807.0,1.47
603171,税友股份,50.09,3.77,120263.0,597549370.0,2.96
301076,新瀚新材,22.63,3.76,25035.0,55823776.56,1.64
688109,品茗科技,74.16,3.76,5182.0,37883154.0,0.66
688283,坤恒顺维,27.66,3.75,8659.0,23550386.0,0.71
600769,祥龙电业,14.67,3.75,73742.0,105322142.0,1.97
603127,昭衍新药,46.0,3.72,319439.0,1449729992.0,5.09
600877,电科芯片,13.15,3.71,125714.0,163043668.0,1.06
688155,先惠技术,61.55,3.71,16668.0,100883897.0,1.31
002545,东方铁塔,18.5,3.7,174093.0,320073648.53,1.54
600666,奥瑞德,3.92,3.7,2560278.0,998790141.0,10.23
301600,慧翰股份,94.26,3.7,9547.0,89947764.74,2.96
603459,红板科技,90.87,3.69,146512.0,1309203329.0,18.53
300689,澄天伟业,47.18,3.69,15953.0,74043155.22,1.57
688051,佳华科技,24.49,3.68,10676.0,25815474.0,1.38
688787,海天瑞声,110.19,3.67,27215.0,294811725.0,4.51
688479,友车科技,31.92,3.67,13145.0,41088402.0,1.52
300349,金卡智能,10.77,3.66,155012.0,169503550.83,4.19
002137,实益达,7.94,3.66,262610.0,206740749.7,6.62
301073,君亭酒店,18.13,3.66,50443.0,91215445.19,2.84
002549,凯美特气,13.97,3.64,208473.0,286298552.21,3.01
002987,京北方,11.95,3.64,391385.0,475016049.29,3.86
603339,四方科技,13.66,3.64,71991.0,97040515.0,2.33
002779,中坚科技,70.1,3.64,25075.0,173864789.41,1.51
600683,京投发展,8.56,3.63,117015.0,98321836.0,1.58
603713,密尔克卫,63.01,3.63,14202.0,88365549.0,0.89
002838,道恩股份,25.99,3.63,45755.0,117484952.1,1.09
300119,瑞普生物,18.32,3.62,66966.0,121778898.22,2.01
301219,腾远钴业,47.69,3.61,53428.0,251553526.68,1.96
603308,应流股份,47.11,3.61,112201.0,523703455.0,1.65
688513,苑东生物,45.91,3.61,21285.0,96760391.0,1.21
605580,恒盛能源,18.15,3.6,42092.0,75197453.0,1.5
003004,声迅股份,64.12,3.59,11461.0,71992520.0,1.67
603219,富佳股份,14.73,3.59,24238.0,35545651.0,0.43
688458,美芯晟,32.62,3.59,12733.0,41064644.0,1.36
688332,中科蓝讯,84.29,3.59,36355.0,300569416.0,2.04
300830,金现代,8.68,3.58,129970.0,112825482.0,3.86
688484,南芯科技,36.15,3.58,58297.0,208443469.0,1.36
688521,芯原股份,214.5,3.58,136504.0,2870006933.0,2.6
001306,夏厦精密,53.63,3.57,7337.0,38994006.0,4.73
300255,常山药业,26.7,3.57,256495.0,676864291.34,2.8
000060,中金岭南,6.68,3.57,1822710.0,1183639061.11,4.1
605566,福莱蒽特,24.68,3.57,22634.0,54919819.0,1.7
002530,金财互联,7.55,3.57,372914.0,282731500.49,5.36
603681,永冠新材,17.74,3.56,40246.0,70364831.0,1.69
300624,万兴科技,56.09,3.56,113509.0,631559652.69,6.63
688667,菱电电控,88.48,3.56,3456.0,30037764.0,0.66
300922,天秦装备,17.75,3.56,54287.0,94307656.69,4.3
300353,东土科技,20.08,3.56,137564.0,273432075.55,2.55
301419,阿莱德,30.31,3.55,29918.0,88649757.75,3.02
688683,莱尔科技,28.99,3.54,12301.0,35247235.0,0.76
002876,三利谱,27.78,3.54,24646.0,67130979.14,1.65
600237,铜峰电子,8.51,3.53,284712.0,238314298.0,4.56
301517,陕西华达,39.88,3.53,19316.0,75997295.46,1.98
600160,巨化股份,42.81,3.53,294960.0,1243473403.0,1.09
300826,测绘股份,13.54,3.52,29511.0,39169833.4,1.34
688322,奥比中光-W,109.92,3.52,104564.0,1127444435.0,3.26
300339,润和软件,40.03,3.52,278521.0,1110712553.34,3.58
688455,科捷智能,14.69,3.52,14883.0,21718188.0,0.89
600888,新疆众和,9.72,3.51,371895.0,355982102.0,2.39
300807,天迈科技,38.32,3.51,14403.0,55399688.8,2.77
603090,宏盛股份,38.92,3.51,14190.0,54275744.0,1.42
603637,镇海股份,12.97,3.51,33927.0,43369841.0,1.42
603516,淳中科技,97.88,3.51,38035.0,367490744.0,1.87
002670,国盛证券,11.52,3.5,315812.0,362567823.07,1.95
688115,思林杰,53.77,3.5,15478.0,81615063.0,1.66
002203,海亮股份,19.81,3.5,184083.0,357257791.19,0.83
688818,电科蓝天,49.66,3.5,73674.0,359876525.0,5.58
301080,百普赛斯,54.13,3.5,33812.0,180803979.98,2.67
688612,威迈斯,31.11,3.49,23820.0,73181768.0,0.93
301589,诺瓦星云,145.77,3.49,6099.0,88733845.99,1.77
301631,壹连科技,62.19,3.48,16333.0,99778708.97,3.75
300747,锐科激光,35.12,3.48,147792.0,508758056.24,2.83
688520,神州细胞,36.32,3.48,22730.0,81933092.0,0.51
688111,金山办公,284.01,3.48,131368.0,3676979383.0,2.83
002565,顺灏股份,9.53,3.47,226975.0,213967839.76,2.14
600322,津投城开,2.68,3.47,247427.0,65579795.0,2.24
002895,川恒股份,34.68,3.46,38993.0,133425263.75,0.65
688277,天智航-U,17.62,3.46,57692.0,100122372.0,1.24
688088,虹软科技,35.9,3.46,75801.0,271976297.0,1.89
688246,嘉和美康,19.76,3.46,19165.0,37495615.0,1.39
002527,新时达,11.98,3.45,79673.0,94836260.32,1.51
300327,中颖电子,22.8,3.45,80563.0,180869731.1,2.38
688400,凌云光,46.74,3.45,95201.0,434985084.0,2.08
300894,火星人,12.03,3.44,91198.0,107534285.3,3.1
688226,威腾电气,29.48,3.44,28074.0,81164815.0,1.49
603615,茶花股份,15.93,3.44,20734.0,32578683.0,0.86
002444,巨星科技,30.39,3.44,106416.0,318033541.9,0.93
688718,唯赛勃,13.26,3.43,10965.0,14429995.0,0.63
688668,鼎通科技,226.3,3.43,45692.0,1013373457.0,3.28
002906,华阳集团,26.87,3.43,67925.0,180998821.2,1.29
688118,普元信息,21.72,3.43,28032.0,60529343.0,3.0
002580,圣阳股份,19.96,3.42,652540.0,1280932761.84,14.43
002843,泰嘉股份,16.34,3.42,55165.0,88777637.8,2.2
300229,拓尔思,16.35,3.42,502823.0,811368378.68,5.76
002245,蔚蓝锂芯,16.93,3.42,442283.0,736303293.59,2.75
603031,安孚科技,39.12,3.41,95596.0,364750561.0,3.04
603700,宁水集团,11.51,3.41,76509.0,87764912.0,3.83
001287,中电港,22.78,3.4,176870.0,397277620.65,2.33
300970,华绿生物,17.35,3.4,25938.0,44344421.54,2.12
603067,振华股份,34.06,3.4,158288.0,526325998.0,2.1
301577,美信科技,52.33,3.4,7591.0,39060809.95,4.03
002880,卫光生物,20.96,3.4,33159.0,68734184.94,1.46
301548,崇德科技,64.03,3.39,11460.0,72330859.0,4.37
300041,回天新材,10.99,3.39,167296.0,180867630.74,3.07
002925,盈趣科技,23.52,3.38,113615.0,261978908.7,1.55
688272,富吉瑞,28.43,3.38,6968.0,19645156.0,0.92
688690,纳微科技,37.96,3.38,64965.0,244279598.0,1.61
300256,星星科技,2.75,3.38,335916.0,92169817.0,1.5
688595,芯海科技,28.44,3.38,30245.0,84862007.0,2.1
601020,华钰矿业,20.87,3.37,140914.0,291105856.0,1.72
688559,海目星,46.93,3.37,71546.0,331415149.0,2.89
001211,双枪科技,20.88,3.37,25053.0,51777994.2,2.68
301002,崧盛股份,28.81,3.37,25897.0,73489296.6,3.05
600186,莲花控股,9.51,3.37,2182245.0,2053171854.0,12.2
002126,银轮股份,40.93,3.36,120587.0,485441576.27,1.52
300547,川环科技,25.22,3.36,54261.0,134319369.0,3.04
600111,北方稀土,41.83,3.36,661578.0,2756592971.0,1.83
688710,益诺思,76.8,3.36,14590.0,111052640.0,1.61
300892,品渥食品,22.46,3.36,41190.0,91875944.86,6.38
301119,正强股份,21.25,3.36,8950.0,18790427.6,0.76
300585,奥联电子,14.78,3.36,30909.0,45354308.0,1.81
600619,海立股份,14.5,3.35,208962.0,299586640.0,2.65
300192,科德教育,13.58,3.35,158402.0,212697370.4,3.48
301305,朗坤科技,22.8,3.35,67201.0,153320454.81,5.4
300458,全志科技,34.25,3.35,579626.0,1970808138.45,7.12
300648,星云股份,37.35,3.35,18108.0,66888125.14,1.36
603341,龙旗科技,37.0,3.35,71699.0,262577844.0,2.68
300084,海默科技,11.43,3.35,55694.0,62773388.0,1.18
002023,海特高新,10.22,3.34,139047.0,140706687.31,1.89
002158,汉钟精机,27.53,3.34,81192.0,219240193.75,1.52
603389,亚振家居,44.98,3.33,16699.0,74490482.0,0.64
002361,神剑股份,11.47,3.33,1557312.0,1780270309.39,19.25
000546,金圆股份,4.65,3.33,173986.0,81069360.36,2.5
603007,顺景科技,4.97,3.33,226503.0,111131408.0,3.26
300673,佩蒂股份,13.35,3.33,30158.0,40125964.0,1.88
300234,开尔新材,9.3,3.33,53594.0,49325125.0,1.56
688375,国博电子,80.61,3.33,24000.0,189675465.0,0.4
688025,杰普特,311.31,3.32,38127.0,1131204790.0,4.01
688556,高测股份,8.72,3.32,126993.0,108974777.0,1.53
002919,名臣健康,17.84,3.3,24852.0,43935574.0,0.94
002402,和而泰,21.57,3.3,241484.0,517090334.92,2.95
300900,广联航空,24.11,3.3,103389.0,246071622.55,4.03
603303,得邦照明,20.04,3.3,16767.0,33129343.0,0.35
603048,浙江黎明,20.05,3.3,13707.0,27355841.0,0.93
301043,绿岛风,41.81,3.29,4606.0,19071949.0,0.81
002237,恒邦股份,13.83,3.29,175028.0,239190038.95,1.47
301075,多瑞医药,55.6,3.29,8118.0,44434773.0,1.01
002733,雄韬股份,18.87,3.28,82409.0,153114856.88,2.23
688591,泰凌微,28.69,3.28,28474.0,80571366.0,1.68
301599,理奇智能,35.58,3.28,24686.0,86235617.35,4.51
300088,长信科技,7.25,3.28,1045591.0,749810995.33,4.21
000887,中鼎股份,18.93,3.27,307032.0,573092416.65,2.34
000700,模塑科技,11.38,3.27,276299.0,311170810.73,3.01
300803,指南针,85.88,3.27,153208.0,1300535983.42,2.53
300046,台基股份,24.66,3.27,52672.0,127768846.42,2.23
002815,崇达技术,12.3,3.27,240156.0,290402877.57,3.09
605186,健麾信息,24.63,3.27,26708.0,65091673.0,1.96
300749,顶固集创,19.34,3.26,25408.0,48420052.0,1.61
002865,钧达股份,44.35,3.26,52989.0,231587834.86,2.37
002881,美格智能,38.02,3.26,55000.0,206484012.0,3.01
300902,国安达,16.5,3.25,32311.0,52607372.0,2.59
301348,蓝箭电子,19.76,3.24,84674.0,164525858.13,5.46
603001,奥康国际,7.01,3.24,63393.0,43895857.0,1.58
688355,明志科技,17.24,3.23,11654.0,19967997.0,0.94
600458,时代新材,11.81,3.23,130803.0,152295453.0,1.5
002079,苏州固锝,9.59,3.23,320488.0,301997603.97,3.95
002972,科安达,12.81,3.22,30127.0,38346976.8,2.24
688248,南网科技,48.78,3.22,37450.0,178666569.0,0.66
002114,罗平锌电,7.08,3.21,78687.0,55649559.33,2.43
688006,杭可科技,22.2,3.21,59920.0,131070673.0,0.99
688235,百济神州,270.36,3.21,33037.0,884566944.0,2.87
600331,宏达股份,13.52,3.21,332032.0,441725044.0,1.63
603052,可川科技,51.69,3.21,31501.0,158125971.0,1.68
300748,金力永磁,27.29,3.21,223446.0,606809717.35,1.98
300410,正业科技,7.43,3.19,103755.0,76019856.04,2.83
300469,信息发展,56.96,3.19,45944.0,261583418.85,1.85
002584,西陇科学,7.79,3.18,209526.0,161036807.0,4.47
300872,天阳科技,16.91,3.17,98093.0,164871099.04,2.32
300307,慈星股份,7.17,3.17,157228.0,111176005.18,2.0
688302,海创药业-U,34.2,3.17,8704.0,29475941.0,0.88
300752,隆利科技,10.1,3.17,44011.0,43915141.32,1.97
688660,电气风电,9.15,3.16,192290.0,174224445.0,1.44
300693,盛弘股份,37.2,3.16,78912.0,288430431.9,2.94
603311,金海高科,28.11,3.16,27587.0,76002261.0,1.17
300369,绿盟科技,7.86,3.15,658669.0,512191861.49,8.15
603286,日盈电子,41.55,3.15,35626.0,146270813.0,3.05
688469,芯联集成-U,8.2,3.14,914938.0,737869616.0,1.56
603085,天成自控,9.84,3.14,34701.0,33610935.0,0.87
300496,中科创达,63.63,3.14,138477.0,876585753.62,3.75
603121,华培动力,12.17,3.14,36718.0,44387549.0,1.08
301081,严牌股份,11.88,3.13,22685.0,26734481.96,1.01
603698,航天工程,23.06,3.13,111948.0,254813152.0,2.09
300017,网宿科技,15.19,3.12,1374529.0,2067455779.07,5.81
688692,达梦数据,247.4,3.12,14068.0,345840359.0,1.9
002708,光洋股份,10.6,3.11,93514.0,98256556.68,1.81
300568,星源材质,13.93,3.11,326549.0,448610217.64,2.7
301252,同星科技,30.92,3.1,15734.0,48052670.93,1.16
300861,美畅股份,16.96,3.1,112314.0,187222656.24,2.66
603220,中贝通信,19.62,3.1,268132.0,522471722.0,5.0
603373,安邦护卫,37.66,3.09,34269.0,128657918.0,5.39
000967,盈峰环境,9.37,3.08,1833796.0,1679599204.67,5.46
603162,海通发展,11.06,3.08,243637.0,264457699.0,5.77
600770,综艺股份,5.36,3.08,176475.0,93435838.0,1.36
300681,英搏尔,21.17,3.07,49207.0,102806521.04,2.13
002315,焦点科技,28.56,3.07,96715.0,272657588.3,3.68
300554,三超新材,20.17,3.07,19885.0,39621865.48,2.51
000417,合百集团,6.05,3.07,252019.0,150014840.98,3.24
300328,宜安科技,14.47,3.06,222841.0,318633635.77,3.24
300802,矩子科技,21.2,3.06,71423.0,149816832.3,3.53
000026,飞亚达,16.84,3.06,70482.0,116551293.2,1.93
002273,水晶光电,26.7,3.05,335813.0,882148001.03,2.46
600686,金龙汽车,12.15,3.05,248548.0,301033080.0,3.47
603466,风语筑,11.47,3.05,566192.0,637445419.0,9.52
002559,亚威股份,9.47,3.05,194944.0,181671186.0,3.87
001360,南矿集团,15.53,3.05,23439.0,36203200.0,1.87
301210,金杨精密,24.36,3.05,18500.0,44313548.54,3.01
001358,兴欣新材,26.13,3.04,50345.0,129980119.04,9.88
300053,航宇微,13.22,3.04,194368.0,255972131.6,2.99
002068,黑猫股份,8.16,3.03,148866.0,119400474.4,2.03
300316,晶盛机电,41.21,3.03,101726.0,411844144.41,0.83
003005,竞业达,14.26,3.03,125599.0,181774683.38,9.89
300545,联得装备,27.96,3.02,45097.0,124209509.86,3.77
300956,英力股份,10.93,3.02,44016.0,47995241.2,2.09
002796,世嘉科技,27.62,3.02,140048.0,375445347.5,6.15
000688,国城矿业,29.98,3.02,111768.0,331204766.4,0.94
300691,联合光电,13.67,3.01,30579.0,41394241.0,1.39
300966,共同药业,25.67,3.01,21921.0,55552223.0,2.86
002083,孚日股份,11.63,3.01,497107.0,569228296.24,5.25
603906,龙蟠科技,19.58,3.0,161683.0,312374115.0,2.87
301391,卡莱特,49.44,3.0,6591.0,32263767.6,0.71
000571,新大洲A,6.89,2.99,246527.0,168090794.2,3.03
600078,澄星股份,10.33,2.99,116114.0,118816365.0,1.75
688795,摩尔线程-U,593.89,2.99,10552.0,618691969.0,3.49
300377,赢时胜,14.79,2.99,278216.0,408118059.22,4.03
002830,名雕股份,13.11,2.99,14757.0,19101748.0,1.59
601233,桐昆股份,22.83,2.98,225169.0,508351330.0,0.95
603988,中电电机,19.33,2.98,88555.0,168992356.0,3.77
688165,埃夫特-U,17.6,2.98,44006.0,76672587.0,0.84
300634,彩讯股份,21.12,2.97,88060.0,184465831.15,2.03
600094,大名城,4.52,2.96,180238.0,81122631.0,0.85
000737,北方铜业,14.25,2.96,487744.0,686580953.85,2.56
688558,国盛智科,30.28,2.96,9027.0,26987216.0,0.68
301256,华融化学,10.13,2.95,29078.0,29067906.4,0.61
603166,福达股份,11.53,2.95,119033.0,137747600.0,1.86
000620,盈新发展,2.8,2.94,1524236.0,420165726.04,3.26
300065,海兰信,16.81,2.94,217812.0,361368553.76,3.32
300393,中来股份,6.31,2.94,124210.0,77715019.3,1.3
301588,美新科技,30.85,2.94,33038.0,100911452.01,4.5
600228,返利科技,8.06,2.94,409697.0,323184434.0,9.85
301606,绿联科技,53.99,2.94,16985.0,90190505.79,1.03
688682,霍莱沃,31.3,2.93,7323.0,22658920.0,0.72
605068,明新旭腾,22.1,2.93,129778.0,284581148.0,8.0
688153,唯捷创芯,26.31,2.93,24586.0,63958608.0,0.59
688390,固德威,66.85,2.93,40828.0,268942731.0,1.68
688039,当虹科技,36.54,2.93,22907.0,83031395.0,2.07
688805,健信超导,41.79,2.93,8155.0,33852989.0,2.43
301325,曼恩斯特,32.0,2.93,8985.0,28464686.6,0.62
300891,惠云钛业,7.02,2.93,58945.0,41144167.28,1.77
301246,宏源药业,20.07,2.92,46762.0,92568810.35,2.75
603501,豪威集团,90.52,2.92,165362.0,1477245818.0,1.37
600063,皖维高新,6.0,2.92,381588.0,225546466.0,1.84
000878,云南铜业,16.57,2.92,343664.0,563826780.82,1.72
300304,云意电气,11.3,2.91,139278.0,155259353.0,1.63
605058,澳弘电子,25.44,2.91,17559.0,43915195.0,1.23
600114,东睦股份,29.02,2.91,136135.0,390874358.0,2.21
300566,激智科技,24.75,2.91,120094.0,290726619.92,5.3
600605,汇通能源,23.03,2.9,26383.0,59997367.0,1.28
600936,北投科技,6.04,2.9,937246.0,549337594.0,5.61
605133,嵘泰股份,26.22,2.9,45312.0,118039777.0,1.61
002057,中钢天源,8.51,2.9,157589.0,132435932.97,2.09
002025,航天电器,65.31,2.9,115826.0,743470841.58,2.55
002686,亿利达,6.06,2.89,179546.0,108026533.61,3.43
301315,威士顿,39.16,2.89,9632.0,37340620.0,1.09
300571,平治信息,35.21,2.89,97717.0,340830591.0,8.45
000733,振华科技,42.66,2.89,122978.0,515905920.17,2.22
300276,三丰智能,7.13,2.89,328356.0,232838186.05,3.11
688311,盟升电子,23.84,2.89,27177.0,64591178.0,1.55
688096,京源环保,8.54,2.89,39063.0,32857313.0,1.67
300876,蒙泰高新,14.99,2.88,18315.0,27285032.84,1.62
300445,康斯特,18.93,2.88,21886.0,40943166.0,1.56
605319,无锡振华,24.04,2.87,16469.0,39200612.0,0.47
000066,中国长城,14.71,2.87,849077.0,1236126427.66,2.63
002266,浙富控股,5.01,2.87,490221.0,241963638.5,1.01
603719,良品铺子,10.04,2.87,76383.0,76142259.0,1.92
300833,浩洋股份,35.44,2.87,7267.0,25620589.78,0.89
600916,中国黄金,7.91,2.86,354190.0,278334047.0,2.11
300018,中元股份,12.24,2.86,92275.0,111871995.0,2.53
300695,兆丰股份,50.76,2.86,6408.0,32209298.0,0.63
300249,依米康,12.94,2.86,95353.0,121865135.7,2.55
688480,赛恩斯,77.29,2.85,5857.0,44898854.0,0.61
688435,英方软件,32.13,2.85,14278.0,45500790.0,2.55
002931,锋龙股份,49.39,2.85,65908.0,322069855.81,3.25
605055,迎丰股份,9.03,2.85,25507.0,22787798.0,0.58
603020,爱普股份,10.11,2.85,41900.0,42058495.0,1.12
300557,理工光科,25.71,2.84,19850.0,50351958.74,1.27
688273,麦澜德,31.14,2.84,6407.0,19829709.0,0.64
603799,华友钴业,41.94,2.84,397551.0,1648742101.0,2.11
301510,固高科技,27.14,2.84,50872.0,136041451.0,1.82
603507,振江股份,24.29,2.84,63869.0,151976330.0,2.7
603150,万朗磁塑,50.02,2.84,9295.0,46290012.0,1.09
688180,君实生物-U,37.72,2.84,101659.0,383252642.0,1.33
688071,华依科技,38.45,2.83,19548.0,73888234.0,2.31
301337,亚华电子,25.81,2.83,15250.0,38789317.96,1.5
300590,移为通信,10.89,2.83,152879.0,164529918.0,4.27
603985,恒润股份,16.7,2.83,83895.0,138563860.0,1.9
688807,优迅股份,241.65,2.83,11699.0,272711528.0,7.31
603097,江苏华辰,20.35,2.83,25787.0,52229550.0,1.15
000815,美利云,18.89,2.83,1714023.0,3263006252.86,24.65
688418,震有科技,36.43,2.82,28409.0,101600959.0,1.48
001268,联合精密,19.69,2.82,21033.0,40627264.2,2.23
300506,名家汇,6.19,2.82,109913.0,67450525.2,1.5
300840,酷特智能,18.58,2.82,43225.0,80126680.6,2.44
601339,百隆东方,8.4,2.82,96346.0,80938538.0,0.64
301486,致尚科技,140.66,2.81,46307.0,632977616.6,6.35
300187,永清环保,4.76,2.81,98802.0,46489793.8,1.54
301696,三瑞智能,106.3,2.81,22578.0,236956442.67,7.51
002983,芯瑞达,19.38,2.81,15094.0,28964483.88,1.18
603293,埃泰克,37.62,2.81,21304.0,80398492.0,6.07
300578,会畅科技,16.44,2.81,25212.0,41125557.0,1.27
688486,龙迅股份,45.93,2.8,28919.0,130296855.0,1.55
300481,濮阳惠成,13.94,2.8,92875.0,127833497.12,3.2
300577,开润股份,18.35,2.8,41695.0,75631697.26,2.93
605222,起帆电缆,19.86,2.8,46379.0,90766169.0,1.12
605088,冠盛股份,21.71,2.79,30460.0,65573832.0,1.51
301111,粤万年青,19.14,2.79,25967.0,49099284.91,1.62
000062,深圳华强,23.23,2.79,203406.0,465607484.54,1.95
300916,朗特智能,20.66,2.79,17412.0,35442579.4,1.86
002066,瑞泰科技,20.65,2.79,21840.0,44665459.22,0.95
300461,田中精机,31.02,2.78,18357.0,56353383.0,1.27
688152,麒麟信安,28.83,2.78,9782.0,28027487.0,0.96
603997,继峰股份,13.33,2.78,85141.0,113036346.0,0.67
301538,骏鼎达,39.23,2.78,13540.0,52576004.91,3.1
301628,强达电路,79.9,2.78,15401.0,120722723.8,5.52
300102,乾照光电,18.54,2.77,176938.0,324275927.36,1.93
603216,梦天家居,20.79,2.77,17048.0,35251114.0,0.77
300525,博思软件,9.26,2.77,227192.0,209038721.91,3.68
600358,国旅联合,5.19,2.77,42903.0,21966123.0,0.85
300488,恒锋工具,31.13,2.77,27703.0,85250572.37,1.71
300449,汉邦高科,7.06,2.77,61942.0,43379616.0,1.6
300907,康平科技,39.02,2.77,15794.0,60647110.55,1.65
300416,苏试试验,15.2,2.77,95141.0,142435620.24,1.88
300382,斯莱克,13.75,2.77,134163.0,181129646.0,2.07
600510,黑牡丹,6.69,2.76,62583.0,41667057.0,0.61
300516,久之洋,29.8,2.76,29816.0,88258218.51,1.18
688511,天微电子,21.58,2.76,9664.0,20665275.0,0.72
603379,三美股份,63.33,2.76,67482.0,421732570.0,1.11
002049,紫光国微,67.36,2.76,189859.0,1262866819.65,2.25
002250,联化科技,16.39,2.76,132987.0,216183642.05,1.49
300259,新天科技,4.11,2.75,321988.0,130187594.28,2.79
300478,杭州高新,27.25,2.75,24837.0,66675966.0,1.96
600379,宝光股份,12.69,2.75,197384.0,245893234.0,5.98
300045,华力创通,13.51,2.74,81021.0,108547430.06,1.57
300930,屹通新材,24.76,2.74,9592.0,23510846.86,2.04
603477,巨星农牧,14.98,2.74,166196.0,248632539.0,3.26
002861,瀛通通讯,16.11,2.74,36137.0,57701604.9,2.41
601121,宝地矿业,7.13,2.74,102976.0,72661617.0,1.29
000762,西藏矿业,23.96,2.74,93064.0,221360443.42,1.79
688046,药康生物,27.35,2.74,77009.0,207678820.0,1.88
600596,新安股份,10.92,2.73,244527.0,263613461.0,1.81
002840,华统股份,8.27,2.73,117553.0,96656406.54,1.48
301108,洁雅股份,36.14,2.73,10329.0,37012469.2,1.59
300293,蓝英装备,16.2,2.73,79655.0,127508347.33,2.35
001298,好上好,17.34,2.73,53404.0,91713385.56,1.31
300849,锦盛新材,21.12,2.72,19376.0,40412422.0,1.76
603108,润达医疗,10.56,2.72,156915.0,166187745.0,2.6
002767,先锋电子,17.35,2.72,14341.0,24654605.0,1.1
688499,利元亨,36.41,2.71,19891.0,71498840.0,1.18
301353,普莱得,17.5,2.7,9996.0,17268477.42,2.45
300945,曼卡龙,11.8,2.7,77789.0,91286259.15,3.26
001389,广合科技,156.8,2.7,52065.0,799761452.07,3.42
002388,新亚制程,4.95,2.7,255407.0,125510868.8,5.05
688259,创耀科技,30.45,2.7,9077.0,27297567.0,0.81
301222,浙江恒威,24.33,2.7,9802.0,23607416.8,0.92
601975,招商南油,3.8,2.7,1502491.0,559784320.0,3.21
002969,嘉美包装,13.31,2.7,406601.0,534443404.22,3.72
605090,九丰能源,33.59,2.69,88365.0,293185074.0,1.25
301499,维科精密,24.44,2.69,12733.0,30944294.8,0.92
688633,星球石墨,23.69,2.69,18652.0,43597056.0,1.09
001399,惠科股份,23.69,2.69,290202.0,681908940.47,6.74
002524,光正眼科,3.82,2.69,162572.0,61991840.0,3.18
688027,国盾量子,417.1,2.69,15030.0,619802708.0,1.87
600879,航天电子,16.01,2.69,507291.0,805955166.0,1.54
688516,奥特维,41.02,2.68,44499.0,179812544.0,1.41
688677,海泰新光,71.35,2.68,47119.0,326903590.0,3.93
688321,微芯生物,27.6,2.68,62496.0,170996606.0,1.53
603269,海鸥股份,12.64,2.68,200583.0,248869667.0,4.64
300456,赛微电子,31.37,2.68,172818.0,534334284.78,2.89
301595,太力科技,40.06,2.67,5530.0,22089996.84,1.35
688159,有方科技,33.5,2.67,24325.0,80171765.0,2.62
603977,国泰集团,11.9,2.67,65994.0,77520013.0,1.06
300647,超频三,5.41,2.66,90626.0,48749703.66,1.98
603383,顶点软件,31.25,2.66,54015.0,167521216.0,2.63
002354,天娱数科,8.09,2.66,3713880.0,2942765653.82,22.84
301230,泓博医药,27.46,2.65,85624.0,233277601.53,5.26
688011,新光光电,72.04,2.65,12153.0,86292783.0,1.23
000758,中色股份,6.2,2.65,228449.0,140286456.34,1.15
603863,松炀资源,12.8,2.65,40024.0,50728619.0,1.96
301257,普蕊斯,41.91,2.65,31107.0,129593119.0,4.13
300354,东华测试,30.18,2.65,14798.0,44222223.04,1.82
688188,柏楚电子,108.29,2.65,21644.0,230814474.0,0.53
002463,沪电股份,114.72,2.64,489199.0,5530851622.35,2.54
300252,金信诺,11.68,2.64,191717.0,220612098.08,3.43
002992,宝明科技,33.77,2.64,10312.0,34533909.14,0.66
603023,威帝股份,3.89,2.64,82523.0,31887986.0,1.48
300161,华中数控,26.42,2.64,23777.0,62496095.0,1.22
300265,通光线缆,14.81,2.63,255386.0,370598805.65,5.47
300774,倍杰特,10.54,2.63,42645.0,44637485.0,2.09
688582,芯动联科,41.34,2.63,37673.0,153516520.0,0.94
688269,凯立新材,31.22,2.63,10382.0,32068297.0,0.79
001255,博菲电气,24.94,2.63,8134.0,20220169.0,1.05
301290,东星医疗,27.02,2.62,9577.0,25610296.74,1.2
002426,胜利精密,2.74,2.62,540782.0,146220823.04,1.59
001314,亿道信息,52.05,2.62,25206.0,130026208.0,2.03
603638,艾迪精密,20.38,2.62,68079.0,136987590.0,0.77
002284,亚太股份,9.81,2.62,199625.0,195464831.36,2.73
688148,芳源股份,7.05,2.62,77318.0,54174470.0,1.52
603135,中重科技,9.39,2.62,44824.0,41745949.0,0.71
301479,弘景光电,48.63,2.62,11619.0,55928122.87,1.63
603701,德宏股份,19.63,2.61,18818.0,36778150.0,0.72
000920,沃顿科技,11.42,2.61,71896.0,80950105.0,1.52
002590,万安科技,9.84,2.61,78692.0,77444366.0,1.59
002922,伊戈尔,25.57,2.61,90124.0,227298985.7,2.39
603271,永杰新材,43.18,2.61,14829.0,63323944.0,1.57
301133,金钟股份,26.09,2.6,16666.0,43070344.0,1.5
600118,中国卫星,63.45,2.6,229258.0,1440347637.0,1.94
300434,金石亚药,10.67,2.6,110786.0,116527352.0,3.24
300727,润禾材料,28.03,2.6,16005.0,44292676.9,0.99
603197,保隆科技,30.78,2.6,26152.0,79872360.0,1.24
600651,飞乐音响,5.93,2.6,115815.0,68268803.0,0.46
601137,博威合金,17.76,2.6,83585.0,147229588.0,0.91
301330,熵基科技,24.82,2.6,27813.0,68859216.18,1.43
688136,科兴制药,18.91,2.6,27405.0,51397011.0,1.36
603778,国晟科技,10.65,2.6,560699.0,589698740.0,8.72
300657,弘信电子,35.55,2.6,203402.0,711938309.64,4.34
000595,新能股份,6.73,2.59,1658178.0,1167246578.21,14.56
000035,中国天楹,5.15,2.59,364957.0,189118249.82,1.58
603033,三维股份,7.91,2.59,45674.0,35691846.0,0.45
300676,华大基因,40.0,2.59,69008.0,274074948.66,1.66
002821,凯莱英,165.8,2.59,97371.0,1622049574.97,3.07
300768,迪普科技,17.11,2.58,126507.0,213192240.46,3.01
301613,新铝时代,39.77,2.58,12090.0,47822619.0,1.44
688636,智明达,19.06,2.58,67493.0,127009066.0,3.88
001311,多利科技,16.33,2.58,22511.0,36346849.86,1.27
002506,协鑫集成,2.78,2.58,1362784.0,375232957.2,2.33
300558,贝达药业,59.66,2.58,67673.0,400355422.27,1.6
688018,乐鑫科技,108.1,2.58,39731.0,426755282.0,1.7
300120,经纬辉开,6.75,2.58,172451.0,115108693.28,3.27
688450,光格科技,31.58,2.57,16937.0,52797846.0,3.46
603538,美诺华,27.49,2.57,281330.0,766879354.0,8.35
000586,汇源通信,11.64,2.56,36518.0,42000073.0,1.91
603662,柯力传感,54.5,2.56,44252.0,237790152.0,1.58
301216,万凯新材,16.82,2.56,65366.0,108606796.92,1.2
301418,协昌科技,36.08,2.56,8159.0,29037747.74,2.77
600338,西藏珠峰,13.61,2.56,240441.0,324739263.0,2.63
002106,莱宝高科,10.4,2.56,150866.0,154630184.23,2.14
688252,天德钰,18.02,2.56,36809.0,65630326.0,0.9
688737,中自科技,18.44,2.56,7656.0,14021056.0,0.64
001316,润贝航科,26.82,2.56,11226.0,29808151.2,0.75
002326,永太科技,19.23,2.56,177389.0,337737577.8,2.19
688305,科德数控,57.15,2.55,13730.0,77788602.0,1.04
301680,固德电材,94.75,2.55,6262.0,58475117.47,3.73
688781,视涯科技-UW,38.61,2.55,13586.0,51949165.0,3.33
002141,贤丰控股,5.62,2.55,1370230.0,764434012.11,13.27
688443,智翔金泰-U,23.74,2.55,23458.0,55378867.0,1.64
603181,皇马科技,13.33,2.54,44908.0,59070970.0,0.76
002235,安妮股份,8.47,2.54,126881.0,106250906.04,2.29
002962,五方光电,12.92,2.54,66023.0,84598150.46,3.16
603255,鼎际得,27.18,2.53,9939.0,26944669.0,1.64
000925,众合科技,7.69,2.53,141198.0,107790972.0,2.1
002342,巨力索具,8.09,2.53,297483.0,238907654.87,3.12
603660,苏州科达,10.52,2.53,137580.0,143552866.0,2.41
688765,禾元生物-U,35.4,2.52,22489.0,78554866.0,3.12
301107,瑜欣电子,18.68,2.52,8618.0,15924452.92,1.05
603926,铁流股份,15.86,2.52,25276.0,39981651.0,1.09
603699,纽威股份,51.67,2.52,42381.0,216578840.0,0.56
301297,富乐德,33.74,2.52,161411.0,532581177.62,3.06
301368,丰立智能,43.95,2.52,15907.0,69444247.0,1.32
301380,挖金客,32.26,2.51,31268.0,99266556.65,3.87
002870,香山股份,40.04,2.51,18610.0,73765428.0,1.44
600773,西藏城投,11.02,2.51,121538.0,132791357.0,1.28
002725,跃岭股份,11.43,2.51,38665.0,43835324.0,1.55
002539,云图控股,12.25,2.51,109435.0,133215451.0,1.23
605151,西上海,17.98,2.51,7451.0,13308394.0,0.55
300834,星辉环材,39.65,2.51,9597.0,37688761.76,0.5
600482,中国动力,28.62,2.51,162325.0,457926566.0,0.72
002115,三维通信,11.89,2.5,466455.0,552188176.16,6.25
000668,荣丰控股,19.69,2.5,17543.0,34231010.9,1.19
002866,传艺科技,15.64,2.49,95214.0,147713978.28,5.25
300334,津膜科技,8.22,2.49,39984.0,32489979.0,1.32
000890,法尔胜,7.42,2.49,93454.0,68776938.42,2.23
601519,大智慧,8.66,2.49,217409.0,187161543.0,1.09
301512,智信精密,30.08,2.49,8633.0,25785427.15,1.77
300069,金利华电,27.98,2.49,62258.0,171088617.0,5.32
000776,广发证券,21.43,2.49,472543.0,999914140.73,0.8
300637,扬帆新材,8.68,2.48,42058.0,36157442.0,1.79
600096,云天化,30.13,2.48,193162.0,576135221.0,1.06
300224,正海磁材,11.59,2.48,117941.0,136320717.31,1.27
603353,和顺石油,29.41,2.47,16767.0,48953312.0,0.98
600570,恒生电子,23.65,2.47,312182.0,731495252.0,1.65
301281,科源制药,36.97,2.47,9259.0,33781601.57,1.31
002920,德赛西威,95.16,2.47,91228.0,864228396.33,1.53
605488,福莱新材,27.78,2.47,69345.0,190449067.0,2.51
002756,永兴材料,47.99,2.46,66456.0,316492648.19,1.72
300504,天邑股份,14.55,2.46,40352.0,58232738.0,1.85
300270,中威电子,12.91,2.46,226403.0,286841718.02,8.68
002456,欧菲光,7.92,2.46,847651.0,671581568.95,2.56
603955,大千生态,20.37,2.46,9445.0,19109907.0,0.7
605018,长华集团,12.55,2.45,23068.0,28868983.0,0.49
605399,晨光新材,10.47,2.45,19780.0,20571830.0,0.64
688047,龙芯中科,112.41,2.45,31618.0,351588328.0,0.79
300397,天和防务,10.89,2.45,103575.0,111824352.98,2.54
301022,海泰科,23.38,2.45,13504.0,31113140.74,2.01
605296,神农集团,29.67,2.45,18345.0,53972036.0,0.35
002199,东晶电子,13.86,2.44,197424.0,272833372.42,8.55
002812,恩捷股份,54.68,2.44,133515.0,722451393.49,1.62
688663,新风光,54.1,2.44,25214.0,135051815.0,1.28
300740,水羊股份,21.42,2.44,163325.0,346444283.51,4.01
002076,星光股份,2.1,2.44,461039.0,96687264.98,4.42
600156,华升股份,7.99,2.44,55322.0,43791908.0,1.38
600115,中国东航,3.78,2.44,1257719.0,471551561.0,0.74
688578,艾力斯,111.27,2.44,47115.0,520179000.0,1.05
688816,易思维,51.72,2.44,2948.0,15029210.0,1.53
603026,石大胜华,66.92,2.43,56088.0,371346193.0,2.41
300418,昆仑万维,44.76,2.43,561110.0,2483590683.62,4.77
603958,哈森股份,14.37,2.42,17468.0,24927643.0,0.8
301669,高特电子,30.88,2.42,62476.0,189841650.74,7.63
300226,上海钢联,17.33,2.42,74144.0,127204224.68,2.02
688568,中科星图,37.25,2.42,117428.0,436555946.0,1.45
000519,中兵红箭,14.81,2.42,329945.0,483124541.34,2.37
002135,东南网架,6.38,2.41,78861.0,49638617.0,0.76
603158,腾龙股份,10.19,2.41,119650.0,120768478.0,2.44
603236,移远通信,47.51,2.41,68325.0,321282476.0,1.7
002831,裕同科技,28.04,2.41,57386.0,157787562.0,0.8
300941,创识科技,14.96,2.4,31961.0,47547175.56,2.58
688778,厦钨新能,47.7,2.4,37716.0,178108347.0,0.75
002317,众生药业,27.75,2.4,184942.0,508973813.85,2.43
301079,邵阳液压,29.01,2.4,16749.0,48336144.66,2.18
688501,青达环保,18.8,2.4,15745.0,29276999.0,1.27
688553,汇宇制药-W,11.11,2.4,51134.0,56358607.0,1.01
002829,星网宇达,20.87,2.4,65517.0,135736097.0,4.49
300737,科顺股份,5.13,2.4,210778.0,107525546.0,2.38
300997,欢乐家,17.92,2.4,133013.0,235301952.35,3.37
603156,养元饮品,45.87,2.39,88853.0,406330359.0,0.71
300792,壹网壹创,26.11,2.39,80219.0,207519366.0,3.76
002846,英联股份,10.73,2.39,119849.0,127374908.82,4.61
300095,华伍股份,8.57,2.39,38007.0,32218665.0,1.2
300329,海伦钢琴,11.57,2.39,14580.0,16737228.0,0.58
301106,骏成科技,16.74,2.39,14524.0,24044696.56,1.02
300809,华辰装备,24.41,2.39,31163.0,75251249.8,2.07
688336,三生国健,42.61,2.38,55778.0,235336061.0,0.62
300538,同益股份,13.78,2.38,22965.0,31386595.99,1.9
300632,光莆股份,18.04,2.38,168119.0,293469098.0,7.6
300162,雷曼光电,7.74,2.38,158522.0,121250332.87,4.63
301041,金百泽,23.23,2.38,28909.0,66087177.0,3.66
300790,宇瞳光学,17.62,2.38,157278.0,273390974.2,3.42
300200,高盟新材,8.65,2.37,50684.0,43346442.0,1.2
300351,永贵电器,14.26,2.37,62499.0,88079995.72,2.37
002261,拓维信息,28.03,2.37,363208.0,1011002304.08,3.17
603496,恒为科技,26.3,2.37,134459.0,351435693.0,4.2
688717,艾罗能源,59.06,2.37,29246.0,170151053.0,2.95
603095,越剑智能,12.96,2.37,16923.0,21683358.0,0.66
603876,鼎胜新材,22.05,2.37,74808.0,163874252.0,0.81
688197,首药控股-U,32.9,2.36,11449.0,37417207.0,1.79
301261,恒工精密,57.79,2.36,13017.0,74536825.8,1.24
002474,榕基软件,6.5,2.36,166276.0,107698774.0,3.14
601609,金田股份,10.43,2.36,156047.0,161584008.0,0.9
688023,安恒信息,41.2,2.36,31316.0,129527534.0,3.06
002422,科伦药业,43.29,2.36,167874.0,720194353.9,1.29
688282,理工导航,54.23,2.36,4291.0,23201698.0,0.48
300730,科创信息,12.21,2.35,30844.0,37437550.0,1.49
603655,朗博科技,27.02,2.35,7188.0,19214232.0,0.68
002440,闰土股份,13.05,2.35,359351.0,462783027.19,3.8
300750,宁德时代,404.4,2.35,173006.0,6967929625.57,0.41
000792,盐湖股份,28.26,2.35,357949.0,1004477523.1,0.68
688007,光峰科技,10.87,2.35,23798.0,25588227.0,0.52
002230,科大讯飞,44.51,2.35,531842.0,2356477652.03,2.43
605208,永茂泰,13.05,2.35,81672.0,105083287.0,2.48
301608,博实结,48.69,2.35,10658.0,51247494.84,1.79
002328,新朋股份,6.97,2.35,145174.0,100219925.2,2.54
600676,久事动娱,7.43,2.34,143569.0,106037832.0,1.4
688676,金盘科技,69.11,2.34,57271.0,388692175.0,1.25
688585,上纬新材,161.01,2.34,31905.0,506742744.0,0.79
301053,远信工业,39.81,2.34,15180.0,59718732.94,1.24
603527,众源新材,9.65,2.33,36329.0,34743377.0,1.15
603226,菲林格尔,47.41,2.33,16915.0,79123168.0,0.48
300761,立华股份,18.92,2.33,40942.0,76788151.0,0.64
688750,金天钛业,14.91,2.33,30103.0,44560108.0,1.29
301000,肇民科技,25.96,2.33,32046.0,82343516.44,1.4
300988,津荣天宇,14.96,2.33,38651.0,57396101.5,2.38
600847,万里股份,12.37,2.32,17296.0,21130305.0,1.13
605366,宏柏新材,7.51,2.32,136915.0,101492485.0,1.77
603725,天安新材,10.15,2.32,74656.0,74695619.0,2.45
688377,迪威尔,20.8,2.31,14859.0,30425770.0,0.64
688084,晶品特装,43.79,2.31,8039.0,34914345.0,1.06
002548,金新农,3.99,2.31,173749.0,68861686.16,2.16
300998,宁波方正,24.37,2.31,13547.0,32728632.88,1.26
301102,兆讯传媒,9.8,2.3,16239.0,15826090.79,0.4
603120,肯特催化,45.82,2.3,18501.0,83631888.0,4.88
300380,安硕信息,31.16,2.3,21940.0,67895852.0,1.72
300667,必创科技,14.21,2.3,34377.0,48491797.0,1.99
300618,寒锐钴业,34.73,2.3,37532.0,129370618.87,1.38
688512,慧智微-U,12.9,2.3,102733.0,130351660.0,3.17
688360,德马科技,15.61,2.29,25648.0,39796437.0,0.97
002600,领益智造,12.95,2.29,723290.0,927869174.42,1.0
002718,友邦吊顶,82.65,2.29,8338.0,68330961.0,0.89
600563,法拉电子,142.72,2.29,38917.0,550626206.0,1.73
300051,琏升科技,8.03,2.29,79359.0,63447012.5,2.16
600152,维科技术,8.04,2.29,100295.0,79921166.0,1.9
688350,富淼科技,29.46,2.29,18639.0,54493129.0,1.3
300845,捷安高科,10.75,2.28,60075.0,64427287.92,4.18
300885,海昌新材,21.04,2.28,19825.0,41392313.79,1.19
688299,长阳科技,13.01,2.28,39469.0,50784954.0,1.37
002723,小崧股份,7.17,2.28,64421.0,46371675.0,2.03
002615,哈尔斯,6.74,2.28,37415.0,25086785.0,1.24
300563,神宇股份,23.73,2.28,18717.0,43938985.0,1.48
300638,广和通,21.58,2.27,216718.0,464189149.63,4.09
688701,卓锦股份,7.67,2.27,35766.0,27926126.0,2.66
000807,云铝股份,26.61,2.27,650078.0,1709926291.99,1.87
000783,长江证券,9.03,2.27,794679.0,712307374.83,1.44
603867,新化股份,28.42,2.27,28768.0,81107188.0,1.33
002248,华东数控,9.02,2.27,46208.0,41044642.0,1.5
600288,大恒科技,10.88,2.26,194626.0,209762641.0,4.46
688552,航天南湖,26.71,2.26,17959.0,47842944.0,0.53
688190,云路股份,73.38,2.26,8740.0,63636082.0,0.73
688315,诺禾致源,13.56,2.26,26400.0,35499894.0,0.63
301397,溯联股份,25.36,2.26,21687.0,54254381.9,2.35
603266,天龙股份,15.86,2.26,11404.0,17968629.0,0.57
301225,恒勃股份,54.39,2.26,14815.0,79993237.52,3.37
301097,天益医疗,33.44,2.26,3929.0,13028672.28,1.0
600980,北矿科技,18.56,2.26,24674.0,45562375.0,1.3
603661,恒林股份,32.2,2.25,27047.0,86115856.0,1.94
603937,丽岛新材,10.91,2.25,26039.0,28187735.0,1.25
301226,祥明智能,29.08,2.25,9163.0,26389695.54,0.84
300337,银邦股份,10.0,2.25,74479.0,74024935.48,1.05
603138,海量数据,13.64,2.25,60448.0,82193062.0,2.1
688030,山石网科,17.37,2.24,29700.0,51425844.0,1.65
001228,永泰运,27.88,2.24,5756.0,15960002.0,0.72
600010,包钢股份,2.28,2.24,4085933.0,925075484.0,1.3
605086,龙高股份,23.71,2.24,9829.0,23199601.0,0.55
301518,长华化学,25.15,2.24,7537.0,18762507.83,1.28
605128,上海沿浦,23.77,2.24,22391.0,53018140.0,0.71
603578,三星新材,11.86,2.24,28407.0,33929966.0,1.58
002633,申科股份,14.68,2.23,12212.0,17855445.88,0.82
300225,金力泰,6.88,2.23,66083.0,45121792.0,1.4
000670,盈方微,6.87,2.23,302194.0,206163958.0,3.64
000880,潍柴重机,22.94,2.23,52602.0,119117082.52,2.32
688601,力芯微,39.17,2.22,29799.0,115296699.0,2.23
688156,路德科技,20.25,2.22,13165.0,26405123.0,1.31
300550,和仁科技,12.45,2.22,34962.0,43004659.0,1.33
603948,建业股份,20.26,2.22,8988.0,18052880.0,0.55
688626,翔宇医疗,44.82,2.21,15470.0,68822459.0,0.97
300808,久量股份,18.47,2.21,7585.0,13965942.0,0.64
002487,大金重工,42.49,2.21,180042.0,760907234.79,2.85
301118,恒光股份,21.26,2.21,13924.0,29419796.28,1.31
002472,双环传动,39.7,2.21,173939.0,683272132.36,2.32
300644,南京聚隆,21.7,2.21,10346.0,22220375.0,1.17
301117,佳缘科技,18.6,2.2,39467.0,72896460.52,3.41
300063,天龙集团,9.74,2.2,585312.0,561775868.6,9.34
002582,好想你,10.21,2.2,217273.0,220191630.98,6.31
000301,东方盛虹,12.55,2.2,194008.0,241685894.89,0.29
600857,宁波中百,17.19,2.2,33486.0,57249681.0,1.49
300483,首华燃气,22.34,2.2,73991.0,164346549.0,1.92
688026,洁特生物,13.93,2.2,17793.0,24577846.0,1.27
300587,天铁科技,4.67,2.19,357608.0,164962513.2,3.4
301516,中远通,15.88,2.19,39182.0,61408441.6,5.58
300142,沃森生物,12.61,2.19,422658.0,528024654.82,2.68
688266,泽璟制药-U,109.63,2.18,51006.0,549385809.0,1.93
605255,天普股份,69.48,2.18,5494.0,37827283.0,0.41
002899,英派斯,19.72,2.18,21175.0,41356840.98,1.43
301513,尚水智能,50.18,2.18,7084.0,35247198.99,3.52
300153,科泰电源,21.57,2.18,44901.0,95782840.35,1.41
601678,滨化股份,6.6,2.17,1044657.0,680005292.0,5.11
601636,旗滨集团,6.11,2.17,517202.0,314080337.0,1.75
002413,雷科防务,8.49,2.17,248427.0,210463499.46,1.92
301555,惠柏新材,30.65,2.17,11040.0,33533377.0,2.28
300674,宇信科技,17.06,2.16,134385.0,227140006.95,1.91
001333,光华股份,19.41,2.16,9780.0,18778318.0,0.76
001259,利仁科技,46.38,2.16,6813.0,31205600.88,1.43
688005,容百科技,28.91,2.16,85325.0,244953140.0,1.19
301091,深城交,18.04,2.15,57169.0,103071555.4,1.08
300106,西部牧业,9.51,2.15,81104.0,76328067.0,3.84
600571,信雅达,10.91,2.15,82746.0,90337064.0,1.81
688588,凌志软件,9.96,2.15,29771.0,29621109.0,0.76
605389,长龄液压,74.45,2.15,7282.0,53374648.0,0.41
601918,新集能源,9.53,2.14,174661.0,165525734.0,0.67
600346,恒力石化,17.19,2.14,266563.0,457378548.0,0.38
000582,北部湾港,12.9,2.14,414866.0,526956501.35,1.92
603505,金石资源,16.71,2.14,84413.0,139749011.0,1.0
688232,新点软件,20.02,2.14,29704.0,59325177.0,0.92
300766,每日互动,24.8,2.14,242142.0,593703130.5,6.76
301077,星华新材,20.11,2.13,9817.0,19611426.7,1.03
002532,天山铝业,13.44,2.13,576633.0,766037129.1,1.4
300409,道氏技术,18.69,2.13,108767.0,201685152.52,1.56
688073,毕得医药,51.73,2.13,14075.0,72467943.0,1.55
300701,森霸传感,9.57,2.13,36044.0,34298613.26,1.43
603897,长城科技,26.4,2.13,40214.0,105015210.0,1.95
301028,鼎熔岩,12.53,2.12,30866.0,38402910.0,1.23
002782,可立克,14.95,2.12,72305.0,106951615.85,1.48
300940,南极光,13.94,2.12,32245.0,44670474.45,2.05
688316,青云科技-U,56.76,2.12,71278.0,395514181.0,14.88
300121,阳谷华泰,9.7,2.11,88945.0,85447428.6,2.07
300399,天利科技,17.91,2.11,26707.0,47540547.0,1.35
002497,雅化集团,18.37,2.11,210755.0,384098945.19,1.99
600058,五矿发展,10.15,2.11,58258.0,59119837.0,0.54
688063,派能科技,45.76,2.1,34827.0,158447255.0,1.42
300436,广生堂,92.93,2.1,33351.0,306253004.42,2.44
301202,朗威股份,33.6,2.1,9268.0,30802806.0,1.16
688619,罗普特,13.6,2.1,25952.0,35049549.0,1.4
603596,伯特利,27.25,2.1,154867.0,422886558.0,1.73
300077,国民技术,18.48,2.1,474064.0,857063388.87,8.37
603077,和邦生物,2.44,2.09,1181945.0,286639307.0,1.34
603439,三力制药,10.75,2.09,48529.0,51227890.0,1.2
688162,巨一科技,23.01,2.09,6248.0,14289875.0,0.46
300341,麦克奥迪,13.69,2.09,29785.0,40450510.0,0.58
603000,人民网,17.61,2.09,174793.0,306108143.0,1.58
603313,梦百合,5.88,2.08,126115.0,73637576.0,2.21
002401,中远海科,12.75,2.08,38696.0,49508074.82,1.04
600207,安彩高科,4.44,2.07,79940.0,35150238.0,0.73
301121,紫建电子,34.07,2.07,10095.0,33769857.06,2.0
603038,华立股份,13.34,2.07,24193.0,32149473.0,0.9
300348,长亮科技,9.86,2.07,136231.0,133649231.95,1.87
300175,朗源股份,5.91,2.07,61294.0,36160483.0,1.3
002434,万里扬,5.94,2.06,118504.0,69582244.0,0.9
688255,凯尔达,25.76,2.06,18568.0,47511534.0,1.69
300231,银信科技,8.91,2.06,181984.0,161485018.65,4.09
300828,锐新科技,15.34,2.06,20238.0,30761912.0,2.4
002617,露笑科技,6.43,2.06,625452.0,397161467.95,3.33
600208,衢州发展,2.98,2.05,653491.0,193837716.0,0.77
688779,五矿新能,7.98,2.05,120681.0,95808035.0,0.63
000973,佛塑科技,12.46,2.05,202418.0,249747386.0,2.09
001230,劲旅环境,18.95,2.05,34168.0,64474160.92,3.11
001378,德冠新材,17.88,2.05,22853.0,40810440.46,2.71
002051,中工国际,9.5,2.04,221721.0,209552628.22,1.81
600343,航天动力,19.02,2.04,126283.0,238692601.0,1.98
301292,海科新源,68.66,2.04,88671.0,601165706.67,10.41
300241,瑞丰光电,5.51,2.04,155109.0,84800642.9,2.58
002357,富临运业,9.0,2.04,35353.0,31572076.0,1.13
002180,奔图科技,17.48,2.04,85825.0,148527726.78,0.63
600658,电子城,4.03,2.03,68216.0,27161597.0,0.61
301019,宁波色母,15.11,2.03,17884.0,26782130.4,1.23
603069,海汽集团,13.56,2.03,24449.0,33086429.0,0.77
300487,蓝晓科技,64.71,2.03,49914.0,319266484.14,1.62
300421,力星股份,17.57,2.03,35398.0,61544776.64,1.54
300771,智莱科技,11.59,2.02,35153.0,40195275.86,1.86
605555,德昌股份,12.11,2.02,18712.0,22479332.0,0.39
000592,平潭发展,6.56,2.02,1095699.0,715782470.35,5.72
300980,祥源新材,21.68,2.02,24143.0,52036947.0,2.46
002850,科达利,185.0,2.02,23974.0,439479371.83,1.14
001300,三柏硕,10.63,2.02,21219.0,22546839.0,0.87
600203,福日电子,10.17,2.01,126511.0,127355506.0,2.13
603360,百傲化学,13.67,2.01,52457.0,70966914.0,0.74
301378,通达海,26.86,2.01,49771.0,132919639.63,10.84
002735,王子新材,11.65,2.01,119658.0,138533690.4,4.2
002845,同兴达,12.67,2.01,52016.0,65376956.0,2.08
600076,康欣新材,3.06,2.0,151724.0,46142211.0,1.13
300921,南凌科技,15.29,2.0,74750.0,113381125.1,4.62
600984,建设机械,4.08,2.0,187383.0,76137371.0,1.49
002465,海格通信,10.7,2.0,305134.0,324178017.42,1.23
605069,正和生态,10.73,2.0,47771.0,50775487.0,2.26
603391,力聚热能,60.03,1.99,18193.0,108792045.0,8.0
688698,伟创电气,49.71,1.99,28725.0,142476638.0,1.34
002765,蓝黛科技,7.17,1.99,56048.0,39851293.0,0.94
002201,九鼎新材,8.19,1.99,98491.0,80220748.0,1.64
300403,汉宇集团,9.75,1.99,85548.0,82787407.0,2.0
300787,海能实业,8.77,1.98,19629.0,17079472.3,1.0
300450,先导智能,35.01,1.98,242568.0,840850628.98,1.56
000551,创元科技,13.4,1.98,167917.0,221871969.03,3.47
001256,炜冈科技,26.28,1.98,37080.0,96961140.0,3.47
603315,福鞍股份,12.35,1.98,33673.0,41238229.0,1.05
301157,华塑科技,57.05,1.98,3894.0,22143988.0,1.89
300507,苏奥传感,6.69,1.98,38763.0,25761591.0,0.5
601026,道生天合,15.46,1.98,27883.0,42314969.0,2.51
688038,中科通达,17.48,1.98,14053.0,24476970.0,1.21
000810,创维数字,9.85,1.97,115094.0,112491615.6,1.04
002380,科远智慧,29.99,1.97,38704.0,115145646.0,2.72
603196,璞源材料,20.19,1.97,12002.0,24042683.0,0.51
603112,华翔股份,14.98,1.97,21319.0,31638017.0,0.4
300772,运达股份,12.94,1.97,117315.0,150219764.1,1.68
300710,万隆光电,27.97,1.97,12887.0,35726007.6,1.73
603358,华达科技,40.39,1.97,93578.0,373958963.0,2.03
301314,科瑞思,39.97,1.96,5295.0,20855537.04,2.9
002232,启明信息,15.08,1.96,49618.0,75056026.82,1.21
600880,博瑞传播,4.16,1.96,195993.0,81375331.0,1.79
301590,优优绿能,74.79,1.96,5600.0,41406397.26,2.3
300561,汇金科技,18.74,1.96,257188.0,479362729.31,10.67
002369,卓翼科技,5.71,1.96,117665.0,66865586.52,2.08
002935,天奥电子,16.19,1.95,23863.0,38291007.09,0.57
301622,英思特,43.31,1.95,8461.0,36575710.44,1.31
688539,高华科技,25.66,1.95,10303.0,26326823.0,0.55
301318,维海德,20.9,1.95,12321.0,25745726.4,1.32
300696,爱乐达,20.38,1.95,30391.0,61435571.2,1.14
300437,清水源,11.06,1.94,34281.0,37769121.03,1.97
002875,安奈儿,13.13,1.94,18080.0,23569596.0,0.85
300219,鸿利智汇,6.85,1.93,94004.0,63798649.08,1.33
002997,瑞鹄模具,27.45,1.93,11494.0,31300524.0,0.55
300645,正元智慧,13.17,1.93,32072.0,42061181.0,2.3
300271,华宇软件,5.8,1.93,157427.0,91230063.0,1.98
300837,浙矿股份,22.71,1.93,11227.0,25319917.0,1.49
000547,航天发展,15.35,1.93,340818.0,520671258.24,2.14
603528,多伦科技,6.37,1.92,70186.0,44741670.0,0.99
688338,赛科希德,27.08,1.92,6461.0,17394121.0,0.61
300955,嘉亨家化,30.83,1.92,10781.0,32898136.17,1.07
002466,天齐锂业,47.7,1.92,247029.0,1168664178.21,1.67
688021,奥福科技,20.2,1.92,7380.0,14767506.0,0.97
002293,罗莱生活,11.16,1.92,39298.0,43442176.0,0.47
603733,仙鹤股份,20.67,1.92,50408.0,102905208.0,0.62
000517,荣安地产,2.12,1.92,198254.0,41654478.0,0.8
300536,农尚环境,9.01,1.92,90319.0,82260512.62,3.08
300995,奇德新材,26.17,1.91,7835.0,20356396.13,1.29
603608,天创时尚,18.65,1.91,95141.0,175367501.0,2.24
688265,南模生物,36.36,1.91,8098.0,29270263.0,1.04
603665,康隆达,22.43,1.91,9991.0,22137407.0,0.62
603212,赛伍技术,11.23,1.91,62476.0,69500499.0,1.43
002910,庄园牧场,9.07,1.91,46323.0,41803921.0,2.71
000970,中科三环,13.32,1.91,582081.0,766672116.21,4.79
300992,泰福泵业,22.45,1.91,8136.0,18264562.25,1.04
605100,华丰股份,30.53,1.9,20103.0,60807642.0,0.84
301125,腾亚精工,13.93,1.9,21380.0,29704336.6,1.22
301138,华研精机,26.29,1.9,4881.0,12720757.0,0.71
688722,同益中,14.5,1.9,24263.0,34816326.0,1.08
688631,莱斯信息,43.42,1.9,7820.0,33724309.0,0.48
603072,天和磁材,33.23,1.9,14705.0,48657869.0,1.16
600536,中国软件,33.76,1.9,179059.0,602636881.0,2.12
301179,泽宇智能,19.99,1.89,19526.0,38678307.56,0.82
300935,盈建科,31.95,1.88,98920.0,320676966.4,16.42
688373,盟科药业-U,4.87,1.88,89630.0,43336945.0,1.37
000559,万向钱潮,11.92,1.88,263344.0,311568418.51,0.79
605189,富春染织,16.25,1.88,146311.0,234440010.0,6.14
688080,映翰通,35.84,1.88,6682.0,23633170.0,0.91
002785,万里石,34.62,1.88,27770.0,96110191.64,1.44
002627,三峡旅游,6.52,1.88,71168.0,46259606.5,1.02
001296,长江材料,17.98,1.87,6766.0,12068347.0,0.88
300733,西菱动力,14.26,1.86,39804.0,56371451.04,1.36
688244,永信至诚,15.9,1.86,14993.0,23719493.0,0.99
002933,新兴装备,26.33,1.86,7512.0,19658974.0,0.64
603779,威龙股份,7.67,1.86,104257.0,79113797.0,3.14
688177,百奥泰,18.1,1.86,14984.0,26902770.0,0.36
301181,标榜股份,22.04,1.85,13770.0,30145606.9,1.17
001203,大中矿业,28.02,1.85,87636.0,243961347.42,0.67
000029,深深房Ａ,21.97,1.85,23415.0,51056277.0,0.26
002313,日海智能,8.25,1.85,71191.0,58582244.0,1.9
600539,狮头股份,14.31,1.85,108652.0,155033257.0,4.72
002938,鹏鼎控股,90.64,1.84,209119.0,1853832823.61,0.9
002577,雷柏科技,18.82,1.84,35253.0,66385380.0,1.26
300004,南风股份,8.29,1.84,96346.0,79133495.5,2.01
603786,科博达,43.62,1.84,11753.0,50817550.0,0.29
600673,东阳光,32.74,1.84,371145.0,1200349185.0,1.24
603200,上海洗霸,38.09,1.84,44829.0,170129379.0,2.55
603278,大业股份,9.41,1.84,120144.0,112089547.0,3.52
600768,宁波富邦,14.42,1.84,17225.0,24775176.0,1.29
002810,山东赫达,20.53,1.84,26298.0,53735837.52,0.81
002687,乔治白,4.99,1.84,100173.0,49937134.97,2.42
002460,赣锋锂业,52.65,1.84,235846.0,1234382590.3,1.95
300204,舒泰神,22.82,1.83,157985.0,358255967.95,3.48
300145,南方泵业,4.46,1.83,527597.0,232958352.82,2.76
688365,光云科技,16.15,1.83,113324.0,181843113.0,2.66
001282,三联锻造,16.13,1.83,13975.0,22395139.36,0.92
603179,新泉股份,40.1,1.83,105732.0,419855990.0,1.48
001365,天海电子,37.86,1.83,44730.0,168557069.38,7.78
600906,财达证券,6.68,1.83,202981.0,134281597.0,0.96
300652,雷迪克,29.56,1.83,8935.0,26222592.2,0.75
002048,宁波华翔,19.45,1.83,94442.0,181776487.57,1.33
000969,安泰科技,17.22,1.83,224594.0,382705647.44,2.16
300858,科拓生物,14.49,1.83,20854.0,29880087.5,1.07
000050,深天马Ａ,6.7,1.82,189300.0,126190899.35,0.78
300629,新劲刚,17.87,1.82,31065.0,55156173.61,1.43
001257,盛龙股份,25.77,1.82,136872.0,348320640.39,9.99
605016,百龙创园,21.78,1.82,22193.0,47948345.0,0.53
300368,汇金股份,9.52,1.82,291656.0,275152934.0,5.51
002161,远 望 谷,5.6,1.82,107597.0,60208301.0,1.45
300002,神州泰岳,8.94,1.82,513861.0,457125106.58,2.78
301110,青木科技,38.18,1.81,32106.0,121647085.6,3.52
002928,华夏航空,6.76,1.81,183646.0,123754454.45,1.44
002915,中欣氟材,16.85,1.81,39793.0,66482677.77,1.38
000017,深中华A,6.18,1.81,58586.0,36022032.32,1.33
300082,奥克股份,7.86,1.81,38356.0,29952464.0,0.57
002324,普利特,9.55,1.81,97607.0,92931462.0,1.26
300961,深水海纳,10.67,1.81,19505.0,20701458.05,1.28
301212,联盛化学,21.39,1.81,6927.0,14728495.0,0.74
603613,国联股份,20.23,1.81,88070.0,177617243.0,1.22
600736,苏州高新,6.74,1.81,150939.0,101045018.0,1.31
301636,泽润新能,40.71,1.8,7498.0,30174635.0,1.99
603610,麒盛科技,15.27,1.8,64864.0,97388271.0,1.84
300279,和晶科技,5.65,1.8,66780.0,37538445.0,1.37
301203,国泰环保,32.96,1.79,4670.0,15210928.0,1.07
300501,海顺新材,10.26,1.79,15716.0,16040223.92,0.57
300839,博汇股份,10.83,1.79,31664.0,34092069.25,1.12
603901,永创智能,9.66,1.79,41167.0,39536360.0,0.72
000415,渤海租赁,4.56,1.79,267803.0,121581200.0,0.5
688426,康为世纪,18.16,1.79,7019.0,12635158.0,0.63
003033,征和工业,58.93,1.78,11782.0,68981364.0,1.46
603790,雅运股份,21.17,1.78,17127.0,35805570.0,0.9
603499,翔港科技,12.02,1.78,26508.0,31510999.0,0.63
002771,真视通,13.12,1.78,59518.0,78475581.5,3.41
300919,中伟新材,41.78,1.78,83222.0,345366428.28,0.91
300680,隆盛科技,22.31,1.78,38027.0,84616959.6,1.68
603176,汇通集团,4.57,1.78,20552.0,9343077.0,0.45
603270,金帝股份,25.28,1.77,23220.0,58336983.0,3.28
300541,先进数通,10.94,1.77,90911.0,99030848.0,2.34
600449,宁夏建材,13.83,1.77,74452.0,102549467.0,1.56
603275,众辰科技,36.9,1.77,3847.0,14091551.0,0.93
300855,图南股份,29.82,1.77,18982.0,56063997.65,0.65
688411,海博思创,214.28,1.77,11561.0,246256588.0,0.87
600336,澳柯玛,6.32,1.77,43397.0,27283958.0,0.54
603276,恒兴新材,14.97,1.77,14359.0,21452619.0,1.9
003030,祖名股份,21.42,1.76,18160.0,38655945.79,2.24
002392,北京利尔,7.5,1.76,73474.0,54798114.71,0.63
300929,华骐环保,13.92,1.75,31379.0,43079331.2,2.5
000428,华天酒店,4.07,1.75,641055.0,261132067.32,6.29
301195,北路智控,26.71,1.75,8034.0,21393423.6,0.92
688085,三友医疗,13.34,1.75,24576.0,32561791.0,0.7
603291,联合水务,8.74,1.75,35239.0,30486603.0,0.83
688517,金冠电气,15.74,1.75,15986.0,24968702.0,1.17
000695,滨海能源,12.82,1.75,28402.0,36172396.0,1.28
002628,成都路桥,4.64,1.75,99831.0,45983111.0,1.32
603558,健盛集团,12.77,1.75,30275.0,38340709.0,0.88
300717,华信新材,18.06,1.75,14959.0,26723554.0,1.47
300616,尚品宅配,10.44,1.75,29706.0,30712243.5,1.91
002828,贝肯能源,12.28,1.74,173201.0,211966785.0,8.62
300520,科大国创,26.83,1.74,77154.0,204698947.6,2.73
603421,鼎信通讯,5.86,1.74,62001.0,36176237.0,0.95
300782,卓胜微,73.6,1.74,118891.0,858191430.31,2.65
603882,金域医学,28.13,1.74,50322.0,141463426.0,1.09
300177,中海达,6.42,1.74,86989.0,55904298.0,1.43
300493,润欣科技,13.44,1.74,83465.0,111834307.65,1.65
301565,中仑新材,21.15,1.73,50326.0,105611054.51,3.93
300427,红相股份,7.04,1.73,241113.0,168712421.0,4.79
300191,潜能恒信,29.98,1.73,135544.0,400341915.3,6.13
002063,远光软件,5.87,1.73,522523.0,308830453.53,2.95
002978,安宁股份,27.11,1.73,23240.0,62629637.3,0.63
603390,通达电气,10.0,1.73,44720.0,44651230.0,1.27
300925,法本信息,15.9,1.73,58527.0,92634212.56,1.67
301023,奕帆传动,29.62,1.72,9496.0,27937158.8,1.83
600801,华新建材,21.83,1.72,95189.0,206106218.0,0.71
603131,上海沪工,15.38,1.72,32660.0,49920756.0,0.97
301198,喜悦智行,11.82,1.72,27292.0,32176264.0,1.68
003002,壶化股份,16.56,1.72,19200.0,31639527.0,1.05
688560,明冠新材,11.86,1.72,20900.0,24715445.0,1.04
002400,省广集团,7.11,1.72,794536.0,561452723.82,4.6
301036,双乐股份,21.32,1.72,6378.0,13489999.44,0.91
002421,达实智能,3.54,1.72,5073529.0,1812890165.79,25.32
605299,舒华体育,12.4,1.72,64931.0,80019357.0,1.59
688410,山外山,11.25,1.72,47921.0,53745969.0,1.07
300058,蓝色光标,15.99,1.72,4659359.0,7338857793.35,13.4
300881,盛德鑫泰,33.77,1.72,5432.0,18161903.0,0.95
002279,久其软件,7.12,1.71,547560.0,387623759.61,6.88
600661,昂立教育,9.53,1.71,144949.0,138165450.0,5.06
300222,科大智能,10.72,1.71,148385.0,157826672.35,2.28
603344,星德胜,22.56,1.71,6682.0,14981618.0,1.24
605258,协和电子,25.76,1.7,14457.0,36981030.0,1.64
300059,东方财富,20.39,1.7,1910160.0,3866884340.31,1.43
002458,益生股份,8.96,1.7,173311.0,154195903.21,1.79
000539,粤电力Ａ,5.98,1.7,572946.0,339639122.45,2.24
300343,联创股份,5.97,1.7,200459.0,118107691.0,1.88
300154,瑞凌股份,8.36,1.7,46390.0,38466949.0,1.47
000980,众泰汽车,1.81,1.69,799273.0,144645706.54,1.59
603330,天洋新材,7.22,1.69,78005.0,55831119.0,1.92
688707,振华新材,10.83,1.69,37106.0,39783614.0,0.73
300203,聚光科技,12.7,1.68,64523.0,80667193.04,1.44
300253,卫宁健康,7.87,1.68,595969.0,469316612.93,3.21
301399,英特科技,15.77,1.68,7938.0,12428201.71,1.45
300539,横河精密,19.4,1.68,43145.0,83051052.28,1.98
603190,亚通精工,16.48,1.67,14031.0,22941057.0,2.44
300631,久吾高科,21.33,1.67,14490.0,30890900.0,1.19
688004,博汇科技,23.17,1.67,17343.0,39785279.0,2.17
300884,狄耐克,11.6,1.67,34568.0,39894821.64,1.81
600635,XD大众公,4.86,1.67,267834.0,129997075.0,1.11
002638,勤上股份,3.65,1.67,121222.0,43769573.0,0.9
605598,上海港湾,27.33,1.67,16916.0,45992359.0,0.7
301487,盟固利,16.43,1.67,60386.0,98436163.42,2.21
001280,中国铀业,65.2,1.67,56808.0,369257241.69,3.27
002125,湘潭电化,12.82,1.67,100279.0,127595374.31,1.59
000833,粤桂股份,20.1,1.67,126459.0,251717567.94,2.79
603766,隆鑫通用,14.62,1.67,58567.0,85315908.0,0.29
000859,国风新材,8.5,1.67,258528.0,218351533.47,2.89
688290,景业智能,60.94,1.67,4171.0,25307808.0,0.41
300513,恒实科技,7.29,1.67,49219.0,35692223.5,1.57
688327,云从科技-UW,11.59,1.67,134135.0,154841599.0,1.61
600699,均胜电子,21.49,1.66,235556.0,504826915.0,1.69
300101,振芯科技,15.31,1.66,45122.0,68787386.96,0.8
603703,盛洋科技,9.16,1.66,39339.0,35940310.0,0.95
001269,欧晶科技,19.6,1.66,17289.0,33362758.0,0.9
002798,帝欧水华,5.5,1.66,60186.0,32852349.96,1.16
603916,苏博特,10.44,1.66,29948.0,31091045.0,0.71
688648,中邮科技,31.78,1.66,9790.0,31114701.0,1.41
002418,康盛股份,3.67,1.66,211275.0,77170969.0,1.86
605123,派克新材,82.88,1.66,18969.0,156520020.0,1.57
600150,中国船舶,35.05,1.65,558349.0,1938061678.0,0.74
300078,思创智联,3.08,1.65,159171.0,48870133.28,1.43
002760,凤形股份,17.23,1.65,21752.0,37317336.67,2.01
002170,芭田股份,11.73,1.65,94961.0,110947652.3,1.2
301428,世纪恒通,30.15,1.65,20096.0,60312890.24,2.89
002270,华明装备,20.98,1.65,119320.0,247953117.96,1.33
300542,新晨科技,12.32,1.65,32721.0,40056791.0,1.32
301070,开勒股份,59.1,1.65,27457.0,157896294.06,3.24
301260,格力博,14.2,1.65,18199.0,25762328.79,0.89
002430,杭氧股份,24.07,1.65,114900.0,274433953.36,1.17
300658,延江股份,10.46,1.65,34838.0,36235244.61,1.58
603281,江瀚新材,20.95,1.65,16423.0,34233828.0,0.32
301096,百诚医药,41.38,1.65,10683.0,43954408.0,1.29
603978,深圳新星,19.27,1.64,50338.0,96470298.0,2.38
301238,瑞泰新材,16.78,1.64,58981.0,97901544.65,0.8
001202,炬申股份,13.04,1.64,16494.0,21363745.0,1.41
002896,中大力德,77.36,1.64,131966.0,1009028905.31,6.72
301069,凯盛新材,16.72,1.64,34726.0,57602171.0,0.81
002952,亚世光电,19.26,1.64,18523.0,35481367.0,1.41
000795,英洛华,8.67,1.64,102783.0,88843535.0,0.92
300971,博亚精工,18.7,1.63,12258.0,22779402.08,1.33
603815,交建股份,5.6,1.63,74029.0,41146537.0,1.2
603352,至信股份,27.47,1.63,18748.0,51081591.0,4.14
000628,高新发展,39.79,1.63,53655.0,211088835.6,2.79
002902,铭普光磁,23.65,1.63,282957.0,649336648.57,15.93
603328,依顿电子,9.96,1.63,110032.0,108762770.0,1.1
300562,乐心医疗,14.93,1.63,71241.0,105340010.0,4.27
300468,四方精创,22.52,1.62,169347.0,380531052.96,3.2
300918,南山智尚,10.64,1.62,36716.0,39038807.0,0.73
300879,大叶股份,16.98,1.62,20566.0,34680559.0,1.02
600166,福田汽车,3.13,1.62,765727.0,238606978.0,0.97
688288,鸿泉技术,18.17,1.62,15483.0,28451711.0,1.55
600784,鲁银投资,7.52,1.62,63394.0,47259389.0,0.94
301363,美好医疗,16.98,1.62,63769.0,107466273.38,1.22
688669,聚石化学,58.1,1.61,31625.0,181143286.0,2.61
603137,恒尚节能,26.44,1.61,250543.0,641403983.0,13.7
002455,百川股份,6.93,1.61,183933.0,126927678.6,2.78
301112,信邦智能,32.21,1.61,12279.0,39324790.32,1.11
002368,太极股份,15.19,1.61,67412.0,102197109.32,1.09
603898,好莱客,10.7,1.61,27584.0,29334414.0,0.92
300165,天瑞仪器,5.06,1.61,60358.0,30543502.0,1.44
603057,紫燕食品,22.91,1.6,10369.0,23646750.0,0.25
603006,联明股份,10.81,1.6,18264.0,19640116.0,0.72
002246,北化股份,20.32,1.6,71406.0,144305168.8,1.3
301459,丰茂股份,34.96,1.6,4906.0,16947286.7,1.88
300490,华自科技,12.17,1.59,77296.0,93440313.0,1.97
600577,精达股份,8.29,1.59,362476.0,298268011.0,1.62
001301,尚太科技,54.46,1.59,23521.0,128117571.1,0.9
688656,浩欧博,86.79,1.59,1754.0,15069459.0,0.28
688651,盛邦安全,23.01,1.59,7720.0,17703881.0,1.64
301151,冠龙节能,16.02,1.59,22942.0,36474386.46,1.36
300050,世纪鼎利,5.74,1.59,120017.0,69227434.0,2.2
600403,大有能源,5.79,1.58,415091.0,238152712.0,1.74
600725,云维股份,3.21,1.58,134341.0,42840162.0,1.09
301268,铭利达,13.49,1.58,17687.0,23731212.15,0.49
600633,浙数文化,11.54,1.58,183805.0,210836115.0,1.45
301501,恒鑫生活,29.01,1.58,13215.0,38092519.2,3.04
688367,工大高科,30.16,1.58,9720.0,28842005.0,1.11
301276,嘉曼服饰,19.99,1.58,9157.0,18129298.7,1.27
600382,广东明珠,6.44,1.58,92646.0,59180298.0,1.33
003015,日久光电,11.01,1.57,25697.0,28107623.0,1.04
002927,泰永长征,15.57,1.57,29631.0,45905307.7,1.34
688529,豪森智能,15.55,1.57,18820.0,29571664.0,1.12
300134,大富科技,8.41,1.57,54890.0,45662433.75,0.72
688166,博瑞医药,35.54,1.57,99853.0,353070203.0,2.29
300897,山科智能,15.55,1.57,29431.0,45699276.67,2.41
688536,思瑞浦,236.85,1.57,28645.0,666263550.0,2.11
002715,登云股份,13.59,1.57,10120.0,13691454.0,0.73
301366,一博科技,45.2,1.57,96530.0,428428179.49,8.25
300235,方直科技,11.69,1.56,54939.0,63402166.0,2.7
601968,宝钢包装,4.55,1.56,63777.0,28845935.0,0.5
301683,慧谷新材,103.19,1.56,5583.0,56997140.36,3.91
600604,市北高新,4.57,1.56,71013.0,32283091.0,0.5
301149,隆华新材,7.83,1.56,38782.0,30269531.94,1.14
300277,汽轮科技,12.48,1.55,75125.0,93442140.69,0.98
002940,昂利康,25.63,1.55,68866.0,174797503.0,3.72
000902,新洋丰,13.8,1.55,59644.0,81994639.0,0.52
002394,联发股份,9.16,1.55,25824.0,23525363.0,0.8
002664,信质集团,16.41,1.55,33975.0,55420730.12,0.84
301618,长联科技,33.33,1.55,7839.0,25962473.64,1.63
300115,长盈精密,28.4,1.54,229368.0,646282463.43,1.69
002429,兆驰股份,7.9,1.54,551335.0,427842831.48,1.22
603777,来伊份,14.46,1.54,34290.0,49288413.0,1.03
300723,一品红,36.18,1.54,59691.0,214204696.9,1.42
688116,天奈科技,34.39,1.54,31944.0,109091249.0,0.87
002295,精艺股份,8.58,1.54,13080.0,11190840.36,0.52
688202,美迪西,79.21,1.54,45231.0,356080534.0,3.37
601360,三六零,9.86,1.54,1057956.0,1043059004.0,1.51
000809,和展能源,3.3,1.54,88768.0,29043642.62,1.08
688562,航天软件,14.64,1.53,16692.0,24327783.0,0.42
688798,艾为电子,56.38,1.53,18065.0,100986014.0,1.33
300649,杭州园林,20.58,1.53,32319.0,66768265.0,3.05
301596,瑞迪智驱,50.44,1.53,28214.0,140254109.56,6.44
688055,龙腾光电,3.99,1.53,84528.0,33478150.0,0.25
001209,洪兴股份,16.58,1.53,9460.0,15645366.2,0.98
600113,浙江东日,31.1,1.53,38340.0,118871792.0,0.93
688296,和达科技,15.9,1.53,26095.0,41565572.0,2.43
300303,聚飞光电,7.34,1.52,393153.0,285194614.45,2.96
688398,赛特新材,20.71,1.52,4503.0,9304286.0,0.27
601118,海南橡胶,5.33,1.52,388911.0,206898556.0,0.91
002335,科华数据,31.46,1.52,184885.0,576316515.37,2.8
603489,八方股份,26.63,1.52,11879.0,31383026.0,0.51
600841,动力新科,6.0,1.52,95246.0,56875283.0,0.91
300650,太龙股份,11.37,1.52,33263.0,37645758.75,1.95
000816,智慧农业,2.68,1.52,186395.0,49989607.98,1.29
301299,卓创资讯,44.72,1.52,7132.0,31729528.22,1.59
003025,思进智能,12.05,1.52,27333.0,32911007.6,1.21
300952,恒辉安防,17.47,1.51,22457.0,38956126.25,1.51
300890,翔丰华,26.2,1.51,23667.0,61637916.38,2.17
002836,新宏泽,9.44,1.51,18388.0,17310665.43,0.8
300641,正丹股份,14.76,1.51,46755.0,68716278.79,0.89
000995,皇台酒业,10.78,1.51,88762.0,95199563.0,5.0
001216,华瓷股份,14.11,1.51,12940.0,18050689.0,0.53
300055,万邦达,6.04,1.51,76895.0,46275924.0,1.22
600955,维远股份,12.79,1.51,20644.0,26254896.0,0.38
603159,上海亚虹,18.78,1.51,7518.0,14083933.0,0.54
601579,会稽山,15.48,1.51,51891.0,79692728.0,1.08
300014,亿纬锂能,55.77,1.51,254873.0,1410819839.48,1.21
301180,万祥科技,11.53,1.5,14775.0,16912813.0,0.9
000978,桂林旅游,6.1,1.5,57233.0,34809265.94,1.22
600800,渤海化学,3.39,1.5,174540.0,58825502.0,1.57
600189,泉阳泉,7.46,1.5,51931.0,38419716.0,0.73
688659,元琛科技,9.49,1.5,12293.0,11632921.0,0.77
002132,恒星科技,4.06,1.5,371271.0,149998459.77,2.65
002496,辉丰股份,2.03,1.5,194429.0,39485013.0,1.65
600171,上海贝岭,23.75,1.5,112587.0,265286677.0,1.59
600885,宏发股份,36.85,1.49,82614.0,303599514.0,0.53
603356,华菱精工,15.66,1.49,17162.0,26797800.0,1.29
002985,北摩高科,26.48,1.49,32735.0,86006844.52,0.99
002243,力合科创,7.48,1.49,111869.0,83164266.6,0.93
603223,恒通股份,10.91,1.49,65069.0,70712572.0,0.92
605218,伟时电子,13.62,1.49,21904.0,29619994.0,1.03
300228,富瑞特装,7.5,1.49,90169.0,67255569.0,1.61
300269,联建光电,4.76,1.49,100047.0,47409362.5,1.9
603722,阿科力,30.14,1.48,9647.0,28821327.0,1.01
603709,中源家居,10.99,1.48,13886.0,15235396.0,0.85
603983,丸美生物,28.72,1.48,24231.0,69586962.0,0.6
002591,恒大高新,6.16,1.48,48338.0,29727262.99,2.16
002739,儒意电影,8.94,1.48,410549.0,365033938.35,1.97
603318,水发燃气,8.9,1.48,205840.0,182543100.0,4.48
000933,神火股份,26.07,1.48,373438.0,963393437.16,1.66
688522,纳睿雷达,19.94,1.48,16327.0,32344006.0,0.95
002858,力盛体育,11.7,1.47,32599.0,37888682.0,2.21
000100,TCL科技,4.84,1.47,4001885.0,1924136063.86,1.99
688205,德科立,128.0,1.47,78554.0,966197752.0,4.93
002241,歌尔股份,23.45,1.47,530772.0,1235809652.58,1.69
002778,中晟高科,15.21,1.47,11357.0,17233933.0,0.92
301662,宏工科技,71.82,1.47,15251.0,108497322.41,3.42
603667,五洲新春,55.25,1.47,83874.0,459910460.0,2.29
600999,招商证券,18.01,1.46,409281.0,734404673.0,0.55
002151,北斗星通,29.88,1.46,72766.0,216594315.04,1.64
300758,七彩化学,10.4,1.46,28134.0,29141115.8,0.78
002657,中科金财,16.02,1.46,117190.0,187006735.69,3.49
688557,兰剑智能,19.46,1.46,5745.0,11153144.0,0.39
301279,金道科技,18.11,1.46,8706.0,15652057.63,0.67
688567,孚能科技,10.43,1.46,52969.0,55046530.0,0.43
600592,龙溪股份,14.61,1.46,37768.0,54785455.0,0.95
002128,电投能源,27.02,1.46,64272.0,172779795.5,0.29
688790,昂瑞微-UW,96.29,1.46,2765.0,26419040.0,2.18
000036,华联控股,4.16,1.46,144630.0,59710395.98,1.03
301581,黄山谷捷,36.1,1.46,4004.0,14338701.48,0.95
300735,光弘科技,20.93,1.45,127967.0,267053362.34,1.69
688281,华秦科技,49.1,1.45,17502.0,85211189.0,0.46
603659,璞泰来,24.55,1.45,169216.0,411967310.0,0.79
002006,精工科技,13.99,1.45,38768.0,53980781.76,0.75
002833,弘亚数控,18.13,1.45,26964.0,48610587.0,0.92
603042,华脉科技,12.6,1.45,73305.0,91185409.0,3.51
002869,金溢科技,16.25,1.44,37050.0,60572452.05,2.35
301525,儒竞科技,40.96,1.44,5939.0,24237487.12,0.86
300057,万顺新材,6.34,1.44,217740.0,136987229.75,2.62
301050,雷电微力,31.76,1.44,17308.0,54660790.39,0.82
300551,古鳌科技,9.87,1.44,51102.0,50130816.0,1.51
300535,达威股份,14.8,1.44,14857.0,21736286.0,1.83
688510,航亚科技,21.92,1.43,38310.0,83743332.0,1.47
603058,永吉股份,9.95,1.43,191388.0,190096465.0,4.62
000158,常山北明,14.15,1.43,348090.0,489921024.19,2.19
001283,豪鹏科技,42.47,1.43,21298.0,89102740.22,2.06
600538,国发股份,4.95,1.43,35121.0,17315324.0,0.67
688211,中科微至,29.95,1.42,3210.0,9559652.0,0.24
600845,宝信软件,19.28,1.42,160458.0,307918249.0,0.75
301020,密封科技,20.71,1.42,31301.0,63758111.64,2.14
002571,德力股份,10.74,1.42,34856.0,37178750.0,1.17
688696,极米科技,67.28,1.42,6274.0,42132809.0,0.9
300428,立中集团,19.31,1.42,37626.0,72454141.92,0.63
301208,中亦科技,30.1,1.42,7719.0,23137158.2,1.17
603257,中国瑞林,65.7,1.42,7992.0,52079107.0,3.21
300913,兆龙互连,35.6,1.42,60090.0,210482319.79,2.1
300967,晓鸣股份,15.14,1.41,27849.0,42011509.0,2.23
000065,北方国际,9.37,1.41,107081.0,99614058.58,1.01
300286,安科瑞,21.6,1.41,40545.0,86532073.41,1.95
600590,泰豪科技,8.61,1.41,132842.0,113815162.0,1.57
600281,华阳新材,4.32,1.41,64786.0,27966466.0,1.26
603209,兴通股份,13.71,1.41,21094.0,28678784.0,0.66
002520,日发精机,5.77,1.41,129251.0,74255839.75,1.8
002889,东方嘉盛,12.19,1.41,51085.0,61837166.83,2.03
000830,鲁西化工,12.98,1.41,263000.0,339475716.09,1.38
301329,信音电子,19.52,1.4,19996.0,38778912.0,3.03
300724,捷佳伟创,60.05,1.4,54999.0,326957038.03,1.91
002176,江特电机,9.4,1.4,662160.0,617694640.24,3.9
301155,海力风电,45.58,1.4,21501.0,97284940.53,1.74
002062,宏润建设,7.95,1.4,56663.0,44816268.6,0.5
300345,华民股份,5.79,1.4,85638.0,49311357.0,1.78
001393,维通利,45.62,1.4,16715.0,75769699.66,3.48
002189,中光学,18.86,1.4,19173.0,35984089.0,0.73
001218,丽臣实业,23.18,1.4,10522.0,24187715.0,0.88
300073,当升科技,42.67,1.4,75431.0,319644704.47,1.49
603173,福斯达,32.7,1.4,3299.0,10749468.0,0.21
300580,贝斯特,21.7,1.4,60043.0,129239741.61,1.27
600785,新华百货,8.76,1.39,66470.0,58057117.0,2.1
605196,华通线缆,32.89,1.39,88393.0,289079402.0,1.74
002624,完美世界,11.69,1.39,366189.0,426257248.32,2.0
600388,龙净环保,17.52,1.39,69365.0,121299709.0,0.55
300546,雄帝科技,16.05,1.39,28491.0,45683748.0,2.11
688609,九联科技,9.47,1.39,144192.0,134429299.0,2.88
300588,熙菱信息,22.67,1.39,24481.0,55423455.0,1.38
002370,亚太药业,5.12,1.39,138218.0,70596171.64,1.85
300582,英飞特,10.96,1.39,29574.0,32222745.38,1.33
603949,雪龙集团,13.84,1.39,17609.0,24322490.0,0.84
300773,拉卡拉,16.16,1.38,272055.0,437487327.15,2.64
002016,世荣兆业,4.42,1.38,57283.0,25160748.0,0.71
002757,南兴股份,17.66,1.38,158016.0,275008926.84,5.6
003010,若羽臣,26.47,1.38,59018.0,155091287.84,2.61
600456,宝钛股份,29.31,1.38,41030.0,119644582.0,0.86
600318,新力金融,6.6,1.38,81400.0,53637885.0,1.59
688439,振华风光,40.58,1.37,9932.0,40020903.0,0.5
000063,中兴通讯,34.84,1.37,1037196.0,3594773488.6,2.58
300661,圣邦股份,102.95,1.37,116186.0,1170191769.62,1.93
300149,睿智医药,9.65,1.37,275797.0,263434029.11,5.73
300389,艾比森,12.62,1.37,24819.0,31036164.44,1.13
001319,铭科精技,19.29,1.37,7222.0,13857702.0,1.14
300034,钢研高纳,16.29,1.37,59210.0,95922611.48,0.77
603717,天域生物,5.91,1.37,46615.0,27364419.0,1.61
001332,锡装股份,31.2,1.36,10615.0,32961305.0,1.58
600986,浙文互联,8.19,1.36,1025258.0,838437760.0,6.89
002823,凯中精密,13.42,1.36,28259.0,37680370.4,1.29
603015,弘讯科技,10.51,1.35,21489.0,22527034.0,0.53
600201,生物股份,13.55,1.35,137346.0,183771222.0,1.24
601698,中国卫通,26.96,1.35,156332.0,419265673.0,0.37
002988,豪美新材,21.03,1.35,18755.0,39085136.0,0.75
300386,飞天诚信,10.54,1.35,37483.0,39484512.0,1.49
001266,宏英智能,33.73,1.35,42086.0,140060379.0,7.24
688806,泰诺麦博-U,26.25,1.35,69430.0,179694449.0,13.61
688613,奥精医疗,14.97,1.35,15142.0,22642465.0,1.11
603444,吉比特,397.8,1.35,14446.0,571618820.0,2.01
002960,青鸟智控,8.26,1.35,39508.0,32518149.2,0.41
603728,鸣志电器,52.52,1.35,36543.0,190948068.0,0.87
603178,圣龙股份,17.36,1.34,102762.0,177375900.0,4.35
688099,晶晨股份,97.34,1.34,106482.0,1030064967.0,2.52
688208,道通科技,29.41,1.34,64928.0,189024490.0,0.97
301229,纽泰格,12.11,1.34,14613.0,17671205.0,1.13
600391,航发科技,30.22,1.34,45700.0,137782087.0,1.38
001335,信凯科技,31.82,1.34,4272.0,13545388.0,1.67
601696,中银证券,12.17,1.33,240037.0,291493065.0,0.86
605177,东亚药业,16.82,1.33,8560.0,14294367.0,0.75
600719,大连热电,7.63,1.33,92276.0,70028646.0,2.28
605303,园林股份,21.36,1.33,39896.0,84736841.0,2.47
605277,新亚电子,15.25,1.33,34735.0,52574394.0,0.91
301032,新柴股份,9.92,1.33,23994.0,23702519.0,1.5
603960,克来机电,16.13,1.32,34971.0,56473782.0,1.33
000612,焦作万方,11.53,1.32,225241.0,258314356.44,1.89
603633,徕木股份,6.14,1.32,36583.0,22404330.0,0.86
300320,海达股份,8.42,1.32,42395.0,35469367.0,0.87
000837,秦川机床,10.0,1.32,72586.0,72039336.01,0.72
301567,贝隆精密,33.37,1.31,5658.0,18784615.0,2.66
600123,兰花科创,6.96,1.31,173601.0,120579753.0,1.18
002685,华东重机,5.43,1.31,113764.0,61526790.26,1.13
688339,亿华通-U,17.74,1.31,14895.0,26335496.0,0.76
601111,中国国航,6.19,1.31,578387.0,356311569.0,0.5
601995,中金公司,35.64,1.31,130128.0,460723847.0,0.45
002729,好利科技,13.88,1.31,24023.0,33252837.0,1.37
688391,钜泉科技,25.51,1.31,11678.0,29596632.0,1.01
000520,凤凰航运,3.91,1.3,97897.0,38132343.0,0.97
300163,先锋新材,6.25,1.3,215806.0,133848294.0,4.73
001237,惠康科技,55.17,1.3,11708.0,64246359.38,3.36
601778,晶科科技,3.91,1.3,903144.0,351562884.0,2.43
000509,华塑控股,3.11,1.3,143857.0,44509984.5,1.34
000518,四环生物,3.9,1.3,275612.0,107339656.98,2.68
301356,天振股份,18.67,1.3,12039.0,22347677.0,0.95
600071,凤凰光学,15.63,1.3,10149.0,15775253.0,0.36
002210,飞马国际,2.33,1.3,341834.0,78965266.04,1.29
002981,朝阳科技,23.39,1.3,10134.0,23493359.0,0.83
002259,升达林业,3.91,1.3,124099.0,48618527.0,1.65
601677,明泰铝业,17.22,1.29,138631.0,237631007.0,1.12
002100,天康生物,7.08,1.29,137594.0,96716041.05,1.01
601021,春秋航空,46.36,1.29,34571.0,159662254.0,0.35
000049,德赛电池,25.14,1.29,49027.0,122485282.64,1.27
603037,凯众股份,10.18,1.29,23610.0,24083466.0,0.89
300207,欣旺达,18.89,1.29,333287.0,625877947.64,1.94
300965,恒宇信通,43.17,1.29,4908.0,21039975.14,0.91
002519,银河电子,5.56,1.28,144883.0,80372717.0,1.3
300424,航新科技,14.19,1.28,42653.0,60384538.11,1.66
002081,金 螳 螂,3.97,1.28,549072.0,217014992.0,2.08
601066,中信建投,26.18,1.28,141010.0,367192361.0,0.22
002195,岩山科技,7.12,1.28,1734597.0,1230472347.65,3.09
001368,通达创智,21.33,1.28,6301.0,13403979.0,0.58
600463,空港股份,7.93,1.28,22550.0,17809198.0,0.75
000629,钒钛股份,3.16,1.28,627395.0,197518709.25,0.68
300841,康华生物,47.42,1.28,11208.0,53222029.22,0.94
301333,诺思格,51.35,1.28,18443.0,93908558.0,1.91
600855,航天长峰,12.72,1.27,32641.0,41394832.0,0.7
301083,百胜智能,13.56,1.27,13605.0,18395836.0,1.59
002093,国脉科技,7.18,1.27,97315.0,69660963.59,0.97
300258,精锻科技,10.38,1.27,41165.0,42622371.0,0.72
301012,扬电科技,27.07,1.27,125064.0,332856657.93,6.35
300708,聚灿光电,7.97,1.27,157493.0,124458200.14,2.18
603966,法兰泰克,7.99,1.27,27127.0,21510856.0,0.52
688658,悦康药业,12.71,1.27,88768.0,112121514.0,1.97
601991,大唐发电,6.41,1.26,3308415.0,2092391241.0,2.67
300047,天源迪科,10.42,1.26,127519.0,132752989.46,2.22
600088,中视传媒,12.01,1.26,35217.0,42133350.0,0.89
003028,振邦智能,22.48,1.26,5325.0,11915876.0,0.75
688569,铁科轨道,16.88,1.26,5218.0,8745534.0,0.25
300877,金春股份,24.2,1.26,6196.0,14856823.0,0.52
301283,聚胶股份,25.82,1.25,4910.0,12628559.1,0.54
603915,国茂股份,13.8,1.25,28354.0,38990826.0,0.43
300484,蓝海华腾,12.95,1.25,24010.0,30799601.0,1.44
003021,兆威机电,80.9,1.25,18748.0,150261569.24,0.9
603636,南威软件,7.27,1.25,101027.0,72815427.0,1.74
301029,怡合达,25.92,1.25,47375.0,121710212.54,1.05
603050,科林电气,18.62,1.25,16722.0,30973546.0,0.41
000818,航锦科技,13.79,1.25,224603.0,306057892.04,3.41
601600,中国铝业,9.7,1.25,1318488.0,1272416191.0,1.0
688158,优刻得-W,35.64,1.25,288780.0,1013992216.0,7.05
300098,高新兴,4.89,1.24,326818.0,159335490.2,2.12
002410,广联达,9.83,1.24,251539.0,247832219.34,1.6
603669,灵康药业,5.71,1.24,135497.0,77560852.0,1.9
688160,步科股份,114.09,1.24,13498.0,152881833.0,1.48
605286,同力天启,23.63,1.24,10386.0,24442747.0,0.62
600664,哈药股份,6.53,1.24,3065656.0,1998523317.0,12.17
603520,司太立,8.98,1.24,40151.0,35967880.0,0.92
301160,翔楼新材,37.42,1.24,21353.0,79472507.5,1.93
603081,大丰实业,9.0,1.24,21257.0,18995785.0,0.5
002362,汉王科技,16.33,1.24,43319.0,70651877.0,2.09
002795,永和智控,6.61,1.23,88723.0,58221887.0,2.04
000990,诚志股份,6.56,1.23,283371.0,184265102.44,1.67
301052,果麦文化,24.78,1.23,32958.0,81461225.65,4.11
300313,天山生物,8.23,1.23,24785.0,20269001.0,1.26
002104,恒宝股份,10.73,1.23,202258.0,216141386.99,3.37
301025,读客文化,9.06,1.23,54965.0,49640668.0,1.98
300007,汉威科技,35.46,1.23,65594.0,230995982.24,2.32
688589,力合微,18.05,1.23,26277.0,47008507.0,1.81
300479,神思电子,14.1,1.22,33458.0,47168609.4,1.7
688357,建龙微纳,27.27,1.22,3843.0,10466263.0,0.38
603327,福蓉科技,9.1,1.22,250954.0,226648459.0,2.4
600751,海航科技,3.31,1.22,183525.0,60339027.0,0.71
000536,华映科技,3.31,1.22,304818.0,100584152.0,1.1
301293,三博脑科,56.54,1.22,85589.0,481506092.08,4.16
600975,新五丰,4.97,1.22,77875.0,38663665.0,0.62
000042,中洲控股,8.33,1.22,31610.0,26111808.0,0.48
688597,煜邦电力,6.62,1.22,19439.0,12812243.0,0.58
603217,元利科技,22.37,1.22,23970.0,53535232.0,1.15
002117,东港股份,8.27,1.22,37190.0,30638102.25,0.71
688561,奇安信-U,27.38,1.22,70754.0,193655699.0,1.04
601929,吉视传媒,2.51,1.21,625709.0,156561810.0,1.79
688789,宏华数科,47.8,1.21,5457.0,25920805.0,0.3
600428,中远海特,11.72,1.21,419599.0,485180202.0,1.72
002488,金固股份,9.18,1.21,162548.0,147178166.96,1.77
300779,惠城环保,85.02,1.21,100222.0,850404218.55,4.41
002268,电科网安,15.0,1.21,61238.0,91455427.96,0.72
001239,永达股份,11.7,1.21,14086.0,16406479.0,1.24
300846,首都在线,21.79,1.21,276458.0,596567018.23,6.64
300254,仟源医药,8.35,1.21,49889.0,41382094.0,2.19
605056,咸亨国际,15.05,1.21,88602.0,131867530.0,2.2
600095,湘财股份,8.44,1.2,235204.0,198352081.0,0.82
300765,石药创新,37.81,1.2,74034.0,278238920.7,0.53
001317,三羊马,54.73,1.2,40037.0,218394583.96,4.68
002868,绿康生化,22.79,1.2,9577.0,21806645.0,0.89
300281,金明精机,5.92,1.2,24872.0,14708406.0,0.63
688665,四方光电,45.58,1.2,2779.0,12630152.0,0.27
301300,远翔新材,30.35,1.2,5200.0,15786322.0,1.32
603016,新宏泰,29.55,1.2,11138.0,32795821.0,0.75
300906,日月明,26.25,1.2,8189.0,21530617.58,1.13
300498,温氏股份,13.64,1.19,323056.0,438964061.98,0.54
688122,西部超导,54.29,1.19,76319.0,410653527.0,1.17
300381,溢多利,5.96,1.19,51587.0,30502323.65,1.08
600835,上海机电,19.52,1.19,22671.0,44081587.0,0.28
603602,纵横通信,11.04,1.19,20103.0,22149302.0,0.87
688639,华恒生物,17.2,1.18,24619.0,42184649.0,0.98
603885,吉祥航空,11.15,1.18,89308.0,99360172.0,0.41
000683,博源化工,6.01,1.18,650008.0,388768543.0,1.95
000697,炼石航空,8.61,1.18,34953.0,30005591.0,0.54
688069,德林海,35.06,1.18,10423.0,36253865.0,0.67
603109,神驰机电,17.2,1.18,12505.0,21440194.0,0.6
300556,丝路视觉,16.43,1.17,29782.0,48869548.0,2.74
603009,北特科技,40.49,1.17,34114.0,137526885.0,0.98
688267,中触媒,19.01,1.17,12404.0,23545647.0,0.54
688213,思特威-W,90.96,1.17,61202.0,551766073.0,1.89
605298,必得科技,46.53,1.17,5690.0,26398809.0,0.31
600501,航天晨光,14.72,1.17,31397.0,46026672.0,0.73
300665,飞鹿股份,9.53,1.17,63994.0,60499202.25,2.94
601108,财通证券,8.62,1.17,229593.0,197284516.0,0.49
600433,冠豪高新,3.45,1.17,210371.0,72754828.0,1.2
000829,天音控股,8.62,1.17,113401.0,97472022.99,1.11
300457,赢合科技,20.7,1.17,48151.0,99209816.04,0.76
300584,海辰药业,33.67,1.17,22200.0,74099093.0,2.7
603612,索通发展,17.33,1.17,56457.0,97665339.0,1.13
301616,浙江华业,34.84,1.16,4137.0,14351227.04,1.46
600776,东方通信,13.03,1.16,96111.0,124119128.0,1.01
002050,三花智控,39.19,1.16,435508.0,1695157037.67,1.18
003040,楚天龙,11.37,1.16,80782.0,91762397.16,1.77
001696,宗申动力,15.65,1.16,320394.0,495820781.0,3.59
600029,南方航空,5.24,1.16,548290.0,287055878.0,0.41
002045,国光电器,8.7,1.16,123092.0,106701243.45,2.19
300261,雅本化学,5.23,1.16,141981.0,73762773.8,1.51
600875,东方电气,27.93,1.16,497865.0,1383048682.0,2.2
301131,聚赛龙,33.27,1.16,5606.0,18518426.06,1.43
300608,思特奇,10.57,1.15,75193.0,79113337.6,2.47
000987,越秀资本,7.94,1.15,212950.0,168017254.02,0.42
603829,洛凯股份,14.95,1.15,19432.0,28875527.0,1.04
000905,厦门港务,8.76,1.15,60410.0,52638924.87,0.81
002174,游族网络,12.34,1.15,197234.0,241035381.84,2.01
600230,沧州大化,14.08,1.15,123589.0,173796299.0,2.99
600179,安通控股,4.39,1.15,167601.0,72992008.0,0.43
300651,金陵体育,17.64,1.15,37805.0,66323151.82,3.66
300168,万达信息,5.3,1.15,280465.0,149417163.08,1.95
002150,正泰电源,21.3,1.14,29725.0,63043344.26,0.83
301388,欣灵电气,23.86,1.14,10022.0,23744868.0,1.38
000929,兰州黄河,8.89,1.14,15654.0,13892066.0,0.84
002017,东信和平,14.18,1.14,72745.0,102400361.14,1.25
600262,北方股份,14.2,1.14,31578.0,44590589.0,1.33
600143,金发科技,15.97,1.14,303140.0,483121053.0,1.15
000893,亚钾国际,48.95,1.14,87287.0,425930312.0,1.08
002052,同洲电子,8.9,1.14,43612.0,38773505.4,0.63
000803,山高环能,7.11,1.14,60151.0,42867250.36,1.31
300763,锦浪科技,62.81,1.14,58063.0,361494655.81,1.81
002286,保龄宝,8.05,1.13,65028.0,51940218.0,1.76
688329,艾隆科技,18.86,1.13,8693.0,16362535.0,1.13
300810,中科海讯,24.27,1.13,10157.0,24610502.0,0.89
300364,中文在线,25.93,1.13,557066.0,1435821470.49,8.43
001248,华润新能,13.47,1.13,819424.0,1097205136.34,7.71
300700,岱勒新材,16.96,1.13,75471.0,127361847.83,2.12
000011,深物业A,8.09,1.13,56865.0,46003355.0,1.08
301215,中汽股份,5.39,1.13,185824.0,101471867.97,1.41
603309,维力医疗,11.6,1.13,46954.0,53918602.0,1.61
688680,海优新材,35.93,1.13,4831.0,17276476.0,0.5
301255,通力科技,20.62,1.13,7090.0,14563483.0,0.53
301177,迪阿股份,23.19,1.13,7504.0,17219724.9,0.19
000678,襄阳轴承,8.99,1.12,66913.0,59871236.34,1.46
300335,迪森股份,5.44,1.12,94066.0,50762992.0,2.45
003017,大洋生物,21.64,1.12,8672.0,18641729.8,1.04
301066,万事利,12.59,1.12,18222.0,22848443.4,0.78
000045,深纺织Ａ,9.96,1.12,38173.0,37775844.0,0.84
000532,华金资本,10.8,1.12,19052.0,20494603.0,0.55
600198,大唐电信,7.25,1.12,108178.0,77944975.0,0.83
300066,三川智慧,5.43,1.12,151331.0,82284331.6,1.52
603160,汇顶科技,53.28,1.12,36989.0,196008644.0,0.79
300129,泰胜风能,8.13,1.12,114434.0,92534029.8,1.59
300310,宜通世纪,4.5,1.12,165816.0,74676105.57,2.4
688113,联测科技,35.19,1.12,5276.0,18421296.0,0.82
603396,金辰股份,24.7,1.11,13262.0,32542096.0,0.96
605369,拱东医疗,16.44,1.11,6819.0,11129791.0,0.31
002271,东方雨虹,11.81,1.11,199368.0,234602271.2,1.04
688586,江航装备,10.9,1.11,29085.0,31589507.0,0.37
002476,新叶股份,4.55,1.11,35276.0,15961550.0,0.58
002632,道明光学,8.28,1.1,77415.0,63836188.0,1.35
600884,杉杉股份,12.82,1.1,317435.0,403492764.0,1.73
000573,粤宏远Ａ,3.68,1.1,95521.0,35069357.0,1.51
600488,津药药业,5.53,1.1,416925.0,229785280.0,3.82
002194,武汉凡谷,9.22,1.1,87826.0,80479414.6,1.72
002173,创新医疗,21.15,1.1,574083.0,1207296881.2,13.64
002492,恒基达鑫,5.53,1.1,43705.0,23969293.0,1.1
300274,阳光电源,107.51,1.1,260407.0,2768518441.4,1.64
600929,雪天盐业,5.51,1.1,121785.0,66839152.0,0.74
301556,托普云农,60.65,1.1,12901.0,78218335.0,4.38
000555,神州信息,11.15,1.09,189321.0,210700278.32,1.94
601969,海南矿业,9.28,1.09,99854.0,92097006.0,0.51
002811,郑中设计,10.16,1.09,21335.0,21576069.0,0.75
600737,中粮糖业,12.95,1.09,369485.0,478652068.0,1.73
603590,康辰药业,30.73,1.09,18339.0,56259781.0,1.16
300296,利亚德,5.54,1.09,296653.0,163047275.44,1.28
003009,中天火箭,49.19,1.09,21980.0,107644473.81,1.33
300725,药石科技,40.68,1.09,128491.0,520791774.44,6.34
600212,绿能慧充,5.57,1.09,39926.0,22140265.0,0.75
002544,普天科技,16.66,1.09,54717.0,90925514.16,0.8
300109,新开源,13.09,1.08,32713.0,42547278.71,0.63
002493,荣盛石化,12.18,1.08,314767.0,381744894.06,0.34
002136,安 纳 达,12.21,1.08,34953.0,42375387.0,1.63
002058,威尔泰,16.9,1.08,31585.0,52865647.0,2.21
300565,科信技术,9.47,1.07,48520.0,45594617.0,2.13
002403,爱仕达,9.41,1.07,32630.0,30417969.0,1.1
002853,皮阿诺,20.86,1.07,5902.0,12235166.0,0.46
301152,天力锂能,19.85,1.07,30739.0,60730516.66,4.33
688399,硕世生物,27.39,1.07,6995.0,18964055.0,0.56
603992,松霖科技,24.66,1.07,11040.0,27162528.0,0.25
300432,富临精工,16.26,1.06,265372.0,428513554.02,1.57
688222,成都先导,30.64,1.06,113059.0,344079371.0,2.82
600219,南山铝业,4.77,1.06,1363849.0,647501645.0,1.19
002395,双象股份,12.38,1.06,18464.0,22706025.0,0.69
603076,乐惠国际,20.1,1.06,8663.0,17347844.0,0.72
603889,新澳股份,5.7,1.06,57565.0,32740265.0,0.61
300620,光库科技,257.02,1.06,158146.0,3923474355.69,6.4
301656,联合动力,17.23,1.06,27110.0,46522901.65,1.33
300133,华策影视,7.63,1.06,523868.0,398013401.1,3.15
600052,东望时代,3.82,1.06,72424.0,27707399.0,0.86
603861,白云电器,12.43,1.06,77049.0,94845777.0,1.46
688335,复洁科技,19.95,1.06,10403.0,20753127.0,0.7
000676,智度股份,7.72,1.05,1361128.0,1051747068.7,10.81
600188,兖矿能源,19.16,1.05,245937.0,466141024.0,0.41
301355,南王科技,9.75,1.04,13920.0,13557120.0,1.0
603819,神力股份,13.54,1.04,29382.0,39701003.0,1.35
300471,厚普股份,9.75,1.04,86888.0,84374252.72,2.32
300455,航天智装,19.4,1.04,38993.0,75445118.13,0.55
002160,常铝股份,3.92,1.03,92701.0,36228397.01,0.9
002406,远东传动,6.86,1.03,73128.0,49916173.2,1.21
300973,立高食品,25.41,1.03,19671.0,49592534.0,1.66
600368,五洲交通,3.94,1.03,103363.0,40492454.0,0.64
002319,乐通股份,10.8,1.03,53669.0,57652753.0,2.56
601608,中信重工,4.9,1.03,216347.0,105886239.0,0.47
603617,君禾股份,6.88,1.03,107536.0,74921715.0,2.78
300817,双飞集团,15.73,1.03,10366.0,16256992.0,0.83
002044,美年健康,4.91,1.03,698202.0,342186405.07,1.8
600319,亚星化学,5.89,1.03,22824.0,13382911.0,0.59
000410,沈阳机床,4.96,1.02,92086.0,45276337.5,0.47
603025,大豪科技,13.84,1.02,36588.0,50368903.0,0.33
003022,联泓新科,19.9,1.02,56010.0,111091051.4,0.42
688772,珠海冠宇,14.89,1.02,91011.0,134990015.0,0.8
300100,双林股份,23.68,1.02,41271.0,97535437.65,0.74
002299,圣农发展,16.76,1.02,45930.0,76672243.27,0.38
603900,莱绅通灵,5.92,1.02,59312.0,35112719.0,1.73
002515,金字火腿,6.96,1.02,391106.0,264675958.36,3.55
301408,华人健康,14.82,1.02,63214.0,93250827.0,2.76
000901,航天科技,14.91,1.02,75748.0,112745096.32,0.95
000863,三湘印象,3.96,1.02,95382.0,37546853.0,0.82
000701,厦门信达,4.95,1.02,64741.0,32147642.0,0.97
002445,中南文化,2.98,1.02,187829.0,55737963.04,0.79
603755,日辰股份,22.97,1.01,4864.0,11103638.0,0.49
603225,新凤鸣,19.07,1.01,92749.0,176130308.0,0.56
603208,江山欧派,10.97,1.01,9417.0,10303166.0,0.54
300677,英科医疗,47.78,1.01,58891.0,280242700.78,1.26
600654,中安科,2.99,1.01,368702.0,110401134.0,1.59
300589,江龙船艇,13.02,1.01,85799.0,110882867.44,3.66
301667,纳百川,71.05,1.01,39951.0,278300015.62,16.84
603879,永悦科技,5.0,1.01,55613.0,27948942.0,1.55
300105,龙源技术,8.03,1.01,192841.0,153254459.2,3.74
600371,万向德农,6.98,1.01,23670.0,16473425.0,0.81
002819,东方中科,21.03,1.01,10152.0,21305400.0,0.43
605378,野马电池,14.04,1.01,12786.0,17868560.0,0.49
003007,直真科技,38.03,1.01,19222.0,72917788.0,2.65
600933,爱柯迪,14.03,1.01,62024.0,86198513.0,0.63
603082,北自科技,36.46,1.0,24184.0,87737357.0,5.96
600775,南京熊猫,10.07,1.0,219088.0,218773073.0,3.26
002196,方正电机,11.08,1.0,155216.0,171386291.0,3.18
300300,海峡创新,8.06,1.0,411903.0,331841718.51,6.18
300036,超图软件,12.11,1.0,83154.0,100419550.22,1.87
603030,全筑股份,2.02,1.0,217352.0,44009033.0,1.65
300214,日科化学,13.2,0.99,387254.0,509783617.0,8.33
688608,恒玄科技,116.17,0.99,42940.0,495581670.0,1.81
300019,硅宝科技,15.26,0.99,58833.0,89112974.92,1.6
002054,德美化工,7.16,0.99,63143.0,45057203.15,1.64
688579,地纬智能,8.17,0.99,27985.0,22912431.0,0.7
688297,中无人机,41.63,0.99,39140.0,161926632.0,0.58
603712,七一二,12.2,0.99,44179.0,53663675.0,0.57
603280,南方路机,25.72,0.98,8333.0,21278138.0,0.77
603656,泰禾智能,17.58,0.98,7911.0,13833932.0,0.43
600826,兰生股份,8.23,0.98,22627.0,18553201.0,0.31
300166,东方国信,14.47,0.98,435162.0,626022708.12,4.8
002374,中锐股份,3.1,0.98,133770.0,41121622.4,1.23
001215,千味央厨,32.98,0.98,10968.0,35821546.5,1.13
002234,民和股份,7.19,0.98,23423.0,16792172.0,0.78
688580,伟思医疗,49.28,0.98,7784.0,38159273.0,0.81
688506,百利天恒,289.67,0.98,11229.0,322803158.0,0.27
300683,海特生物,26.91,0.98,32763.0,87821517.0,2.68
000422,湖北宜化,13.44,0.98,116131.0,155598112.13,1.09
600158,中体产业,7.22,0.98,224698.0,161791695.0,2.34
605305,中际联合,40.04,0.98,16288.0,65016766.0,0.77
601688,华泰证券,19.79,0.97,392446.0,772949429.0,0.54
301178,天亿马,36.3,0.97,21534.0,77017538.59,3.14
600533,栖霞建设,2.09,0.97,90279.0,18853680.0,0.86
300777,中简科技,25.05,0.97,40470.0,100805037.4,0.94
002452,长高电气,11.5,0.97,109532.0,124882807.06,2.12
600973,宝胜股份,6.24,0.97,136955.0,85338102.0,1.0
688093,世华科技,27.06,0.97,13918.0,37477936.0,0.5
688101,三达膜,15.55,0.97,28498.0,43972580.0,0.86
300612,宣亚国际,12.51,0.97,70442.0,87816289.63,3.87
002558,巨人网络,30.23,0.97,700305.0,2112392642.28,3.68
300103,达刚控股,7.3,0.97,27408.0,19993995.0,0.86
002578,闽发铝业,3.16,0.96,142710.0,45246896.0,1.66
688611,杭州柯林,61.76,0.96,8549.0,52632313.0,0.56
688058,宝兰德,23.09,0.96,10114.0,23406582.0,1.33
002748,世龙实业,10.51,0.96,23036.0,24253052.0,0.96
600173,卧龙新能,6.3,0.96,41429.0,26091080.0,0.59
688306,均普智能,9.51,0.96,40116.0,38076543.0,0.33
001330,博纳影业,5.25,0.96,326553.0,170710469.0,2.81
300617,安靠智电,44.0,0.96,28984.0,126143930.0,2.09
300267,尔康制药,3.16,0.96,185570.0,58541203.0,1.3
603917,合力科技,11.61,0.96,19741.0,22950264.0,0.97
002772,众兴菌业,10.52,0.96,54610.0,57159066.0,1.47
688776,国光电气,50.78,0.95,16666.0,84348202.0,1.54
300474,景嘉微,54.1,0.95,62612.0,337680866.49,1.54
001395,亚联机械,29.78,0.95,14722.0,43639497.9,2.83
002020,京新药业,13.87,0.95,111654.0,153778722.0,1.54
300928,华安鑫创,25.53,0.95,9418.0,24019888.0,1.76
300138,晨光生物,11.7,0.95,57667.0,66599432.0,1.45
300505,川金诺,19.19,0.95,101648.0,193863528.17,4.68
002599,盛通股份,6.35,0.95,75592.0,47964735.0,1.83
605599,菜百股份,16.12,0.94,49828.0,79943671.0,0.64
002153,石基信息,8.63,0.94,240140.0,207018132.9,1.5
601388,怡球资源,3.22,0.94,242920.0,78124411.0,1.1
300183,东软载波,10.74,0.94,22961.0,24523004.92,0.62
002012,凯恩股份,6.46,0.94,171619.0,110081682.66,3.67
300340,科恒股份,8.56,0.94,27622.0,23576067.56,1.01
002449,国星光电,6.46,0.94,50424.0,32426856.0,0.82
300627,华测导航,28.93,0.94,61242.0,177588590.82,0.93
603370,华新精科,33.65,0.93,3929.0,13167076.0,1.12
001328,登康口腔,30.35,0.93,13487.0,40755150.0,0.83
300370,安控科技,2.16,0.93,116909.0,25130639.0,0.75
600030,中信证券,28.26,0.93,718507.0,2021524158.0,0.59
603888,新华网,17.43,0.93,79067.0,137118333.0,1.07
301439,泓淋电力,15.27,0.93,59932.0,90820243.65,3.27
688505,复旦张江,7.57,0.93,32841.0,24911363.0,0.46
600418,江淮汽车,25.27,0.92,718662.0,1798251180.0,3.29
000913,钱江摩托,12.05,0.92,28384.0,34162952.43,0.55
001299,美能能源,9.89,0.92,17139.0,16861864.19,0.61
001318,阳光乳业,11.01,0.92,38322.0,42093805.0,1.36
603376,大明电子,26.42,0.92,16920.0,44825412.0,5.29
000951,中国重汽,21.97,0.92,73074.0,158369801.47,0.63
603080,新疆火炬,18.68,0.92,7884.0,14685719.0,0.56
600743,华远控股,2.2,0.92,132502.0,28987972.0,0.56
603100,川仪股份,18.85,0.91,20681.0,38703110.0,0.4
300901,中胤时尚,15.46,0.91,26746.0,41278475.91,1.11
603320,迪贝电气,16.57,0.91,7989.0,13180167.0,0.54
002961,瑞达期货,20.04,0.91,29006.0,57705980.96,0.61
002677,浙江美大,6.65,0.91,47793.0,31818942.24,0.87
601515,衢州东峰,3.37,0.9,82002.0,27531350.0,0.43
301386,未来电器,20.23,0.9,4696.0,9461577.0,1.04
603075,热威股份,19.07,0.9,13370.0,25317827.0,3.15
603312,西典新能,32.36,0.9,3097.0,10005880.0,0.61
001379,腾达科技,15.75,0.9,7867.0,12349648.2,1.17
002212,天融信,6.72,0.9,466473.0,312077824.99,4.0
000680,山推股份,11.2,0.9,140761.0,156537011.14,1.07
600790,轻纺城,3.35,0.9,99476.0,33576209.0,0.68
600732,爱旭股份,12.51,0.89,121592.0,151810287.0,0.58
603839,安正时尚,6.79,0.89,26042.0,17640360.0,0.67
001221,悍高集团,40.61,0.89,12284.0,49797457.86,1.6
603416,信捷电气,52.03,0.89,11393.0,59157879.0,0.82
600662,外服控股,4.55,0.89,84491.0,38306799.0,0.37
300600,国瑞科技,10.22,0.89,30186.0,30676717.0,1.03
301089,拓新药业,23.88,0.89,19264.0,45929870.55,2.13
300172,中电环保,4.54,0.89,94544.0,42433297.0,1.81
605099,共创草坪,32.95,0.89,9085.0,29801690.0,0.23
002541,鸿路钢构,19.37,0.89,83115.0,161561493.77,1.68
002480,新筑股份,5.66,0.89,61163.0,34755380.0,0.8
301167,建研设计,13.55,0.89,13675.0,18451785.9,1.29
300711,广哈通信,15.92,0.89,18076.0,28711414.58,0.73
688351,微电生理,20.5,0.89,12772.0,26023527.0,0.27
300061,旗天科技,6.8,0.89,108858.0,73547267.0,1.75
002060,广东建工,3.41,0.89,129133.0,43945228.73,0.83
688573,信宇人,15.98,0.88,17425.0,27901828.0,3.27
600850,电科数字,16.1,0.88,97944.0,157544319.0,1.2
002574,明牌珠宝,4.57,0.88,41797.0,19052388.0,0.79
002205,国统股份,10.31,0.88,12990.0,13452253.0,0.7
300844,山水比德,23.04,0.88,5050.0,11594804.6,0.56
301122,采纳股份,31.11,0.88,18997.0,58609182.0,2.51
002129,TCL中环,9.12,0.88,633145.0,572851417.94,1.57
301598,博科测试,48.54,0.87,3395.0,16521999.0,1.93
002291,遥望科技,5.81,0.87,784586.0,449739229.51,9.03
688576,西山科技,39.62,0.87,2326.0,9172420.0,0.72
002405,四维图新,6.97,0.87,499958.0,348717368.83,2.12
300448,浩云科技,5.79,0.87,105407.0,61124369.3,1.64
605180,华生科技,11.74,0.86,6689.0,7806831.0,0.4
601615,明阳智能,11.74,0.86,275697.0,322437306.0,1.22
603088,宁波精达,9.35,0.86,25058.0,23434886.0,0.57
300946,恒而达,40.09,0.86,6311.0,25288350.6,0.83
601099,太平洋,3.53,0.86,469847.0,165276170.0,0.69
000576,甘化科工,7.06,0.86,45322.0,31976521.05,1.04
002553,南方精工,16.33,0.86,52614.0,85604340.97,2.05
300446,航天智造,14.05,0.86,35576.0,49827507.86,0.95
001336,楚环科技,17.63,0.86,8580.0,15173846.6,1.33
605136,丽人丽妆,8.24,0.86,54077.0,44579721.0,1.35
300848,美瑞新材,12.95,0.86,17752.0,22871556.0,0.7
002982,湘佳股份,11.85,0.85,19890.0,23436865.36,1.53
002681,奋达科技,4.76,0.85,328047.0,155297710.0,2.09
002537,海联金汇,5.94,0.85,119625.0,70954958.33,1.02
001369,双欣材料,13.06,0.85,61276.0,79533017.16,2.95
002387,维信诺,7.12,0.85,87119.0,61782862.63,0.62
000681,视觉中国,18.93,0.85,314203.0,591267953.37,4.65
688131,皓元医药,81.69,0.85,19962.0,163508781.0,0.94
301223,中荣股份,16.55,0.85,6511.0,10753133.04,0.34
001208,华菱线缆,15.41,0.85,250993.0,383098093.0,7.87
301057,汇隆新材,21.28,0.85,10427.0,22096435.0,1.29
300865,大宏立,22.6,0.85,7500.0,16981340.0,1.3
301522,上大股份,23.65,0.85,19133.0,45103335.0,0.69
301233,盛帮股份,32.07,0.85,3430.0,10950249.4,0.87
002683,广东宏大,28.53,0.85,39574.0,112754073.17,0.59
601900,南方传媒,11.93,0.85,83756.0,100989997.0,0.95
600843,上工申贝,7.1,0.85,33341.0,23566783.0,0.71
300800,力合科技,9.58,0.84,16150.0,15432773.0,0.69
300533,冰川网络,15.65,0.84,78051.0,121920607.2,3.38
600159,大龙地产,2.41,0.84,72446.0,17410342.0,0.87
300025,华星创业,4.8,0.84,97590.0,46716155.84,1.93
603927,中科软,14.37,0.84,75146.0,108082631.0,0.9
300950,德固特,16.77,0.84,8775.0,14705578.18,0.89
002714,牧原股份,38.34,0.84,371776.0,1419561267.48,1.13
603059,倍加洁,24.07,0.84,5369.0,12901822.0,0.53
688280,精进电动-W,6.03,0.84,140076.0,83042835.0,2.69
688219,会通股份,10.82,0.84,25946.0,27922362.0,0.47
002567,唐人神,3.64,0.83,83476.0,30160975.0,0.58
603182,嘉华股份,12.13,0.83,7519.0,9090250.0,0.46
301211,亨迪药业,10.93,0.83,46101.0,50106151.11,1.1
300978,东箭科技,8.55,0.83,18776.0,16020689.91,0.65
002855,捷荣技术,9.8,0.82,16981.0,16640346.0,0.69
300099,尤洛卡,6.17,0.82,77776.0,47726000.0,1.34
002647,仁东控股,9.89,0.82,102258.0,100473988.0,1.01
300859,西域旅游,26.97,0.82,12617.0,34103138.0,0.81
002074,国轩高科,28.23,0.82,158240.0,445284497.3,0.91
600066,宇通客车,32.06,0.82,98916.0,317096246.0,0.45
603062,麦加芯彩,38.04,0.82,1190.0,4510410.0,0.32
301359,东南电子,16.03,0.82,9621.0,15384654.44,1.35
301158,德石股份,14.82,0.82,50284.0,73895874.6,2.64
600621,华鑫股份,13.51,0.82,40803.0,54866298.0,0.38
002813,路畅科技,21.2,0.81,26001.0,55582297.46,2.17
301199,迈赫股份,18.63,0.81,9505.0,17560131.0,0.53
001205,盛航股份,13.63,0.81,15068.0,20484622.03,0.91
300056,中创环保,8.72,0.81,65033.0,56166912.5,1.69
300797,钢研纳克,12.42,0.81,13281.0,16475543.0,0.35
300923,研奥股份,22.43,0.81,7995.0,17802093.0,1.05
002190,成飞集成,23.51,0.81,24647.0,57720319.42,0.69
603918,金桥信息,11.23,0.81,154370.0,173803907.0,4.23
300699,光威复材,26.38,0.8,70645.0,185450364.98,0.86
688157,松井股份,18.89,0.8,14474.0,27132741.0,0.77
002225,濮耐股份,3.78,0.8,97156.0,36460973.04,1.02
603260,合盛硅业,35.47,0.8,71939.0,252760388.0,0.61
300298,三诺生物,16.31,0.8,55976.0,91191243.0,1.25
688408,中信博,27.68,0.8,25495.0,69908647.0,1.16
002996,顺博合金,6.31,0.8,40691.0,25598213.86,0.89
688091,上海谊众,39.63,0.79,19337.0,76239598.0,0.94
002376,新北洋,6.41,0.79,42327.0,27058402.0,0.54
601198,东兴证券,14.08,0.79,98647.0,138723993.0,0.31
000503,国新健康,7.69,0.79,119055.0,91826031.97,1.22
600663,陆家嘴,8.88,0.79,222253.0,196431883.0,0.7
600480,凌云股份,8.98,0.79,70880.0,63237883.0,0.58
600919,江苏银行,11.55,0.79,671570.0,778210338.0,0.37
300982,苏文电能,15.39,0.79,16203.0,24918628.0,0.84
002482,广田集团,1.28,0.79,322211.0,40893728.0,0.86
001387,雪祺电气,11.69,0.78,14271.0,16688411.0,1.22
002296,辉煌科技,9.08,0.78,60911.0,55084397.0,1.75
300659,中孚信息,10.35,0.78,33385.0,34616181.0,1.76
301289,国缆检测,44.1,0.78,2515.0,11024242.6,0.32
300611,美力科技,24.54,0.78,30184.0,73372691.2,2.04
000949,新乡化纤,6.44,0.78,360195.0,230025910.61,2.17
603123,翠微股份,9.18,0.77,158409.0,145384685.0,2.43
601882,海天精工,19.58,0.77,15032.0,29348914.0,0.29
301367,瑞迈特,45.53,0.77,11758.0,53107985.46,1.2
300614,百川畅银,10.41,0.77,16888.0,17545284.96,1.05
002820,桂发祥,9.17,0.77,51343.0,47119185.0,2.56
600121,郑州煤电,3.91,0.77,235098.0,91185067.0,1.93
002009,天奇股份,18.23,0.77,164196.0,297251377.64,4.64
603535,嘉诚国际,6.52,0.77,22384.0,14529932.0,0.44
002152,广电运通,10.42,0.77,194866.0,202724527.88,0.79
002609,捷顺科技,7.9,0.77,43933.0,34677538.0,0.96
300559,佳发教育,11.78,0.77,85388.0,100498000.21,2.74
000572,海马汽车,3.93,0.77,300850.0,118236081.88,1.83
688475,萤石网络,31.36,0.77,38169.0,119121273.0,0.48
301090,华润材料,6.63,0.76,55914.0,36926940.0,0.38
603348,文灿股份,14.59,0.76,43518.0,63898501.0,1.38
002236,大华股份,17.26,0.76,294115.0,505111523.11,1.23
300040,九洲集团,6.6,0.76,303902.0,199061521.63,5.87
300402,宝色股份,14.66,0.76,19829.0,28945245.38,0.81
300962,中金辐照,13.2,0.76,15891.0,20781864.0,0.6
688602,康鹏科技,6.63,0.76,27943.0,18447709.0,0.54
605398,新炬网络,21.21,0.76,10823.0,22926617.0,0.67
301658,首航新能,25.1,0.76,23241.0,57885576.96,2.39
688187,时代电气,50.28,0.76,43989.0,219143935.0,0.51
601689,拓普集团,50.13,0.76,180856.0,901006668.0,1.04
003003,天元股份,10.55,0.76,24923.0,26359128.0,2.12
002031,巨轮智能,5.29,0.76,557343.0,294381098.98,2.91
603310,巍华新材,14.8,0.75,11068.0,16312134.0,0.57
000006,深振业Ａ,6.75,0.75,78896.0,53085599.73,0.58
603409,汇通控股,17.53,0.75,9797.0,17088855.0,1.82
688128,中国电研,22.8,0.75,9878.0,22380480.0,0.24
000665,湖北广电,4.05,0.75,74787.0,30241167.0,0.66
003038,鑫铂股份,10.81,0.75,18645.0,20159103.0,1.14
600612,老凤祥,35.07,0.75,13516.0,47125233.0,0.43
300579,数字认证,22.98,0.75,24013.0,55163973.5,0.92
002264,新 华 都,6.68,0.75,115892.0,77299986.0,1.78
300517,海波重科,9.5,0.74,14690.0,13952341.0,1.16
000997,新 大 陆,19.02,0.74,120376.0,228330173.58,1.19
605337,李子园,9.55,0.74,34114.0,32489576.0,0.87
600469,风神股份,5.41,0.74,41016.0,22066922.0,0.56
002986,宇新股份,12.18,0.74,17922.0,21778844.2,0.59
300443,金雷股份,21.75,0.74,30199.0,65231730.09,1.24
000020,深华发Ａ,10.93,0.74,18453.0,20103246.0,1.02
301239,普瑞眼科,32.85,0.74,10501.0,34317970.51,0.74
600779,水井坊,28.76,0.74,23316.0,66599025.0,0.48
002356,鹏飞绿能,2.71,0.74,106014.0,28811014.0,0.81
002340,格林美,6.8,0.74,675418.0,457301407.56,1.33
603797,联泰环保,4.08,0.74,43280.0,17649543.0,0.75
600309,万华化学,74.18,0.73,193168.0,1422410835.0,0.62
300306,远方信息,9.66,0.73,11709.0,11284462.0,0.74
002075,沙钢股份,4.13,0.73,307558.0,127172546.57,1.4
688310,迈得医疗,13.87,0.73,11596.0,16101241.0,0.71
002918,蒙娜丽莎,9.67,0.73,52206.0,50291139.0,2.44
301448,开创电气,42.96,0.73,10879.0,46099977.74,1.53
002951,金时科技,13.75,0.73,28332.0,38745606.0,0.71
600860,京城股份,8.3,0.73,17845.0,14786793.0,0.4
300785,值得买,41.16,0.73,127559.0,518540915.91,10.43
300549,优德精密,13.76,0.73,10958.0,15035028.3,1.08
002320,海峡股份,6.88,0.73,101588.0,69878392.92,0.45
301231,荣信文化,27.46,0.73,40460.0,110706263.93,6.18
603768,常青股份,11.26,0.72,16059.0,18113642.0,0.67
300882,万胜智能,15.42,0.72,16066.0,24724721.76,0.6
000876,新 希 望,6.97,0.72,235997.0,163078386.61,0.52
002479,富春环保,5.58,0.72,85804.0,47537563.12,0.99
002163,海南发展,8.41,0.72,90928.0,76330995.0,1.13
603716,塞力医疗,16.76,0.72,181117.0,301190799.0,8.02
300441,鲍斯股份,6.96,0.72,35938.0,24862657.56,0.57
002888,惠威科技,16.75,0.72,19937.0,33211261.0,2.66
603183,建研院,4.22,0.72,84038.0,35172762.0,1.69
600589,大位科技,8.44,0.72,656573.0,548501999.0,4.44
600623,华谊集团,8.35,0.72,60575.0,50484873.0,0.32
600448,华纺股份,2.79,0.72,71832.0,19979848.0,1.14
688358,祥生医疗,29.26,0.72,4670.0,13645021.0,0.42
000685,中山公用,11.19,0.72,93758.0,104517089.31,0.75
603169,兰石重装,7.03,0.72,120562.0,84803467.0,0.92
300548,长芯博创,160.75,0.72,160309.0,2475139183.14,5.45
301010,晶雪节能,16.72,0.72,10166.0,17013678.0,0.94
600241,时代万恒,7.14,0.71,26548.0,18911695.0,0.9
002510,天汽模,5.71,0.71,72465.0,41362315.6,0.72
300035,中科电气,14.12,0.71,76799.0,108122245.03,1.32
002892,科力尔,9.96,0.71,35658.0,35460232.2,0.71
603232,格尔软件,15.64,0.71,72372.0,112922745.0,3.13
600777,新潮能源,4.26,0.71,165764.0,69795570.0,0.26
300692,中赋科技,8.5,0.71,87196.0,73353711.0,1.7
000921,海信家电,26.99,0.71,55712.0,149469159.54,0.6
600399,抚顺特钢,4.33,0.7,237908.0,102338372.0,1.21
603363,傲农生物,2.87,0.7,129557.0,36952288.0,0.6
600718,东软集团,8.66,0.7,73124.0,63171017.0,0.61
300012,华测检测,14.29,0.7,139807.0,199324970.91,0.98
002453,华软科技,4.31,0.7,51443.0,22106527.88,0.85
600292,电投水电,12.93,0.7,74200.0,94968437.0,1.69
301509,金凯生科,28.97,0.7,21843.0,63394560.28,3.85
605166,聚合顺,8.59,0.7,28887.0,24656235.0,0.92
600506,统一股份,14.47,0.7,24247.0,34934539.0,0.97
300759,康龙化成,40.2,0.7,477312.0,1933806378.53,3.36
002427,尤夫股份,4.34,0.7,59414.0,25610386.0,0.6
000626,远大控股,7.23,0.7,42037.0,30356996.0,0.83
300075,数字政通,11.56,0.7,90509.0,104399245.07,1.76
300292,吴通控股,4.31,0.7,321935.0,137653498.99,2.88
603506,南都物业,10.06,0.7,15760.0,15854097.0,0.84
000801,四川九洲,11.75,0.69,55296.0,64741183.0,0.54
000679,大连友谊,5.85,0.69,23691.0,13837437.0,0.66
600744,华银电力,7.34,0.69,1002473.0,727111685.0,4.94
603810,丰山集团,11.62,0.69,10629.0,12335473.0,0.64
000882,华联股份,1.45,0.69,363829.0,52049798.0,1.33
000564,供销大集,1.45,0.69,1892741.0,273521789.44,1.25
300775,三角防务,21.88,0.69,68832.0,149623217.88,1.29
002967,广电计量,17.47,0.69,21090.0,36702216.5,0.38
603070,万控智造,11.72,0.69,15301.0,17900476.0,0.38
002386,天原股份,5.87,0.69,87234.0,50897010.41,0.67
002998,优彩资源,7.37,0.68,47494.0,34839777.0,1.76
600802,福建水泥,4.41,0.68,33416.0,14741266.0,0.73
002890,弘宇股份,13.48,0.67,9153.0,12318125.0,0.57
603686,福龙马,13.46,0.67,86655.0,116144771.0,2.09
603969,银龙股份,7.46,0.67,89674.0,66903914.0,1.05
002601,龙佰集团,16.63,0.67,78131.0,129503174.84,0.39
603536,惠发食品,9.07,0.67,38576.0,35079631.0,1.6
688293,奥浦迈,55.2,0.67,27559.0,152602262.0,2.35
601059,信达证券,16.85,0.66,31093.0,52263504.0,0.1
002322,理工能科,10.75,0.66,21869.0,23429299.0,0.62
603103,横店影视,15.2,0.66,25352.0,38433157.0,0.4
000550,江铃汽车,16.88,0.66,24679.0,41243234.7,0.48
002263,大东南,3.05,0.66,258991.0,78828198.0,1.38
605377,华旺科技,9.16,0.66,23677.0,21650796.0,0.43
603041,美思德,10.6,0.66,12469.0,13220565.0,0.68
300864,南大环境,18.64,0.65,7412.0,13747328.5,0.47
002788,鹭燕医药,10.8,0.65,89930.0,96759878.91,2.36
601112,振石股份,15.6,0.65,28516.0,44293477.0,1.56
002145,钛能化学,4.68,0.65,359487.0,166991368.44,0.94
301162,国能日新,42.02,0.65,20083.0,84917620.14,1.66
300189,神农种业,4.66,0.65,476113.0,221017642.23,5.37
603533,掌阅科技,23.27,0.65,252597.0,585818314.0,5.76
002786,银宝山新,7.73,0.65,43761.0,33831469.0,0.89
300528,幸福蓝海,13.95,0.65,67384.0,93584475.0,1.81
002179,中航光电,34.63,0.64,179224.0,613666695.82,0.85
003029,吉大正元,17.21,0.64,17000.0,29303925.0,0.97
600685,中船防务,26.59,0.64,62602.0,165123082.0,0.76
000404,长虹华意,7.82,0.64,61987.0,48386117.89,0.89
688623,双元科技,59.94,0.64,3060.0,18266667.0,0.86
002878,元隆雅图,12.64,0.64,39929.0,50430857.3,1.69
002602,世纪华通,14.21,0.64,659509.0,936191090.16,0.97
688758,赛分科技,26.56,0.64,59443.0,157248281.0,1.99
603809,豪能股份,9.61,0.63,44461.0,42611434.0,0.48
300159,新研股份,3.17,0.63,306671.0,96852857.36,1.66
002639,雪人集团,12.86,0.63,319754.0,409963259.05,4.85
002596,海南瑞泽,3.22,0.63,108159.0,34773381.0,0.94
301575,艾芬达,27.36,0.63,4211.0,11482315.77,1.73
601336,新华保险,62.68,0.63,139239.0,865183054.0,0.67
001231,农心科技,19.32,0.63,4565.0,8830308.5,0.9
300024,机器人,15.87,0.63,268933.0,424767646.82,1.72
002183,怡 亚 通,4.77,0.63,256727.0,122164160.0,0.99
002148,北纬科技,6.43,0.63,116007.0,74419639.44,2.57
002095,生 意 宝,14.54,0.62,31037.0,45129752.36,1.23
002110,三钢闽光,3.23,0.62,96193.0,30914053.9,0.4
001312,福恩股份,17.92,0.62,10176.0,18202352.0,1.78
300003,乐普医疗,13.01,0.62,203697.0,262778439.12,1.29
600798,宁波海运,3.25,0.62,80292.0,25989498.0,0.67
300878,维康药业,30.92,0.62,15914.0,48908541.0,1.1
002560,通达股份,6.47,0.62,175509.0,113276404.01,2.77
000922,佳电股份,11.51,0.61,73305.0,83521326.4,1.04
688566,吉贝尔,24.68,0.61,6498.0,15972596.0,0.32
600558,大西洋,4.94,0.61,44758.0,21989344.0,0.5
300781,因赛集团,29.51,0.61,54474.0,159628046.2,4.5
002047,宝鹰股份,3.31,0.61,186201.0,61495998.1,1.23
603180,金牌家居,14.9,0.61,6449.0,9588932.0,0.42
301339,通行宝,11.6,0.61,38228.0,44513411.82,0.67
601628,中国人寿,37.89,0.61,272554.0,1024220841.0,0.13
300783,三只松鼠,18.12,0.61,49364.0,89202969.0,1.76
688186,广大特材,14.87,0.61,27429.0,40488269.0,0.98
600638,新黄浦,4.95,0.61,60289.0,29732181.0,0.9
002165,红 宝 丽,6.64,0.61,258344.0,171033489.81,3.55
300738,奥飞数据,23.08,0.61,638345.0,1469988369.0,6.48
000721,西安饮食,6.56,0.61,136672.0,89785114.0,2.67
600255,鑫科材料,3.3,0.61,431138.0,141976510.0,2.39
000686,东北证券,8.22,0.61,91939.0,75316379.2,0.39
000599,青岛双星,4.99,0.6,87396.0,43379928.0,1.07
000601,韶能股份,6.68,0.6,376958.0,249534274.73,3.6
600967,内蒙一机,11.65,0.6,123907.0,143612533.0,0.73
600927,永安期货,13.49,0.6,26414.0,35524930.0,0.18
688533,上声电子,21.82,0.6,4570.0,9930911.0,0.28
301309,万得凯,30.07,0.6,4492.0,13535606.0,0.74
002797,第一创业,6.71,0.6,289097.0,193280598.0,0.69
600630,龙头股份,6.67,0.6,62950.0,41879099.0,1.48
688708,佳驰科技,47.34,0.59,4460.0,21041601.0,0.31
605500,森林包装,6.81,0.59,23275.0,15747767.0,0.56
002256,兆新股份,3.43,0.59,250576.0,85758313.0,1.24
000972,中基健康,3.43,0.59,62178.0,21395295.0,0.81
600249,两面针,5.11,0.59,103516.0,53238412.0,1.88
003011,海象新材,18.64,0.59,10052.0,18779126.2,1.31
603258,电魂网络,13.54,0.59,30103.0,40876685.0,1.25
601588,北辰实业,1.72,0.58,145939.0,24824885.0,0.55
000558,天府文旅,3.48,0.58,120862.0,41875415.5,0.94
603305,旭升集团,12.13,0.58,131235.0,158760404.0,1.14
605365,立达信,13.84,0.58,17800.0,24587613.0,0.35
603351,威尔药业,24.09,0.58,6515.0,15660024.0,0.48
002123,梦网科技,8.65,0.58,161912.0,140023817.1,2.25
600475,华光环能,15.64,0.58,56422.0,87766787.0,0.6
002917,金奥博,10.48,0.58,13475.0,14067655.0,0.52
600626,申达股份,3.49,0.58,55300.0,19285350.0,0.42
300447,全信股份,13.81,0.58,15167.0,20897355.0,0.75
300176,鸿特科技,5.22,0.58,54754.0,28516451.3,1.41
002033,丽江股份,8.77,0.57,75202.0,65970235.37,1.37
300977,深圳瑞捷,15.91,0.57,8268.0,13192763.67,0.87
002255,海陆重工,8.76,0.57,133342.0,116075729.83,2.09
000403,派林生物,10.56,0.57,56786.0,59331862.29,0.6
603886,元祖股份,10.61,0.57,12434.0,13181178.0,0.52
600579,中化装备,7.17,0.56,33590.0,23902414.0,0.68
002085,万丰奥威,10.86,0.56,130949.0,141813802.0,0.62
301266,宇邦新材,21.41,0.56,17189.0,36556599.4,1.27
601881,中国银河,12.68,0.56,166984.0,210945333.0,0.23
688185,康希诺,51.66,0.56,7418.0,38320756.0,0.65
600720,中交设计,5.4,0.56,58879.0,31613622.0,0.58
603605,珀莱雅,59.32,0.56,39927.0,235916992.0,1.01
603679,华体科技,21.7,0.56,68259.0,147132443.0,3.84
600415,小商品城,12.47,0.56,447319.0,553538197.0,0.82
300601,康泰生物,12.53,0.56,60209.0,75250476.86,0.67
603239,浙江仙通,14.37,0.56,20759.0,29713563.0,0.77
000069,华侨城Ａ,1.78,0.56,185505.0,32734750.0,0.27
600996,贵广网络,7.16,0.56,120216.0,85121595.0,0.96
301587,中瑞股份,21.44,0.56,21143.0,45081492.0,2.88
603014,威高血净,33.93,0.56,26067.0,88414298.0,2.57
002015,协鑫能科,16.19,0.56,583895.0,940330148.99,3.6
002555,三七互娱,20.29,0.55,343975.0,696242227.8,2.17
601456,国联民生,9.09,0.55,86594.0,78521282.0,0.2
000623,吉林敖东,18.39,0.55,74999.0,137143084.79,0.63
001313,粤海饲料,7.25,0.55,73052.0,52359143.0,1.04
300613,富瀚微,70.69,0.55,190692.0,1330073043.82,8.68
600470,六国化工,5.62,0.54,92317.0,51676854.0,1.77
603325,博隆技术,54.16,0.54,1759.0,9480371.0,0.51
300299,富春股份,5.55,0.54,171314.0,94811990.55,2.48
300190,维尔利,3.7,0.54,45477.0,16751631.8,0.48
301153,中科江南,18.68,0.54,33760.0,63027323.4,1.02
301175,中科环保,5.54,0.54,67883.0,37501661.27,1.09
600352,浙江龙盛,13.08,0.54,328602.0,425665591.0,1.01
301170,锡南科技,22.18,0.54,3653.0,8106695.0,0.96
300917,特发服务,26.31,0.53,28315.0,74351806.3,1.68
300514,友讯达,9.51,0.53,13397.0,12713357.0,0.84
688393,安必平,19.0,0.53,9721.0,18517987.0,1.04
300465,高伟达,13.25,0.53,236405.0,307488630.0,5.33
300197,节能铁汉,1.9,0.53,470076.0,88872141.0,1.59
300193,佳士科技,7.65,0.53,18366.0,14018027.0,0.44
605005,合兴股份,15.11,0.53,4741.0,7144944.0,0.12
002065,东华软件,7.64,0.53,440369.0,337349771.69,1.51
300543,朗科智能,7.65,0.53,32988.0,25126529.1,1.32
001201,东瑞股份,11.43,0.53,21245.0,24210841.44,1.05
600576,祥源文旅,5.67,0.53,52091.0,29504579.0,0.79
601156,东航物流,17.12,0.53,45253.0,77528260.0,0.48
000420,吉林化纤,3.82,0.53,192495.0,73477565.76,0.78
601162,天风证券,3.77,0.53,832229.0,312454769.0,0.97
002652,扬子新材,3.82,0.53,93516.0,35610887.8,1.83
603758,秦安股份,9.42,0.53,13537.0,12740273.0,0.31
300741,华宝股份,13.51,0.52,12910.0,17357357.0,0.21
000750,国海证券,3.88,0.52,194644.0,75231948.48,0.34
002743,富煌钢构,3.89,0.52,45666.0,17840778.0,1.05
600493,凤竹纺织,5.84,0.52,25973.0,15157088.0,0.95
603214,爱婴室,13.46,0.52,16433.0,22131310.0,1.19
002111,威海广泰,9.65,0.52,35426.0,34168528.6,0.72
301519,舜禹股份,11.5,0.52,12720.0,14633592.0,1.67
603982,泉峰汽车,5.93,0.51,22556.0,13368547.0,0.66
300523,辰安科技,19.84,0.51,11948.0,23767402.0,0.51
300904,威力传动,41.35,0.51,6028.0,24981612.0,2.74
600990,四创电子,17.82,0.51,17563.0,31196609.0,0.65
301503,智迪科技,21.61,0.51,4018.0,8648501.42,0.7
600828,茂业商业,3.96,0.51,90537.0,35904948.0,0.52
300278,华昌达,3.94,0.51,81711.0,32312107.0,0.58
300927,江天化学,21.69,0.51,14459.0,31232982.5,1.03
605007,五洲特纸,15.79,0.51,31922.0,49843920.0,0.67
601058,赛轮轮胎,13.72,0.51,199880.0,272171781.0,0.61
603093,南华期货,17.9,0.51,56755.0,101367602.0,0.93
300021,大禹节水,3.93,0.51,55337.0,21629961.0,0.63
603165,荣晟环保,13.88,0.51,28710.0,39739866.0,0.92
300022,吉峰科技,7.89,0.51,39219.0,30845197.0,0.79
688015,交控科技,16.09,0.5,8791.0,14154733.0,0.47
300707,威唐工业,11.99,0.5,18093.0,21672608.0,1.26
603788,宁波高发,13.97,0.5,5966.0,8313099.0,0.27
300375,鹏翎股份,4.0,0.5,40467.0,16167442.0,0.76
300288,朗玛信息,10.12,0.5,30435.0,30808441.0,1.19
300581,晨曦航空,10.15,0.5,54679.0,55399455.8,0.99
603577,汇金通,10.0,0.5,68883.0,68654358.0,2.03
688119,中钢洛耐,4.02,0.5,48528.0,19465512.0,0.43
600333,长春燃气,6.0,0.5,55605.0,33423695.0,0.91
002162,悦心健康,4.01,0.5,70602.0,28262484.32,0.77
002752,昇兴股份,6.0,0.5,72070.0,43117759.7,0.74
600578,京能电力,6.0,0.5,875093.0,519976314.0,1.31
300150,世纪瑞尔,4.14,0.49,40252.0,16684143.0,0.87
688334,西高院,18.58,0.49,9019.0,16690781.0,0.29
000898,鞍钢股份,2.07,0.49,183137.0,37763326.54,0.23
000955,欣龙控股,4.13,0.49,50906.0,21003668.0,0.95
000931,中 关 村,4.09,0.49,34924.0,14249896.6,0.47
300118,东方日升,10.3,0.49,205864.0,211222224.05,2.22
300146,汤臣倍健,10.3,0.49,141925.0,145193079.77,1.27
001380,华纬科技,16.57,0.49,5694.0,9431684.05,0.24
605116,奥锐特,20.32,0.49,12460.0,25114741.0,0.31
001286,陕西能源,10.32,0.49,151868.0,156670214.49,1.12
002373,千方科技,8.17,0.49,129918.0,106486209.82,0.94
300678,中科信息,24.4,0.49,65252.0,158776181.9,2.24
601022,宁波远洋,8.24,0.49,25405.0,20795675.0,0.19
300886,华业香料,22.53,0.49,5264.0,11842419.0,1.11
300893,松原安全,16.84,0.48,13522.0,22666625.9,0.54
301533,威马农机,25.37,0.48,4486.0,11369275.0,1.58
301163,宏德股份,22.81,0.48,6758.0,15415479.25,1.23
002926,华西证券,8.42,0.48,90508.0,76056193.23,0.34
300112,万讯自控,8.39,0.48,142776.0,118994484.0,6.01
603172,万丰股份,16.7,0.48,7922.0,13187798.0,0.59
301192,泰祥股份,19.1,0.47,7755.0,14837092.3,1.58
002566,益盛药业,6.48,0.47,73410.0,47403961.0,3.17
300213,佳讯飞鸿,6.37,0.47,71237.0,45318539.0,1.29
300464,星徽股份,6.35,0.47,37232.0,23663527.0,1.05
000926,福星股份,2.14,0.47,269622.0,57603050.0,1.71
000802,北京文化,4.25,0.47,254494.0,108804259.0,3.56
600739,辽宁成大,10.95,0.46,70623.0,77037809.0,0.46
603866,桃李面包,4.35,0.46,62378.0,27051615.0,0.39
002108,沧州明珠,4.4,0.46,159818.0,69855531.02,0.97
600865,百大集团,8.79,0.46,41273.0,36276082.0,1.1
600481,双良节能,4.35,0.46,261060.0,113597703.0,1.26
000608,阳光股份,6.62,0.46,276627.0,177775359.0,3.71
300122,智飞生物,13.27,0.45,131854.0,174865131.65,0.93
601828,美凯龙,2.25,0.45,161174.0,35986633.0,0.45
000717,中南股份,2.25,0.45,82921.0,18569436.24,0.34
301469,恒达新材,26.92,0.45,6499.0,17455333.0,1.41
301059,金三江,11.23,0.45,12217.0,13699859.0,0.59
300685,艾德生物,17.8,0.45,31632.0,56072638.41,0.81
300793,佳禾智能,11.24,0.45,29399.0,33022217.28,0.79
002124,天邦食品,2.25,0.45,310920.0,69984401.78,1.58
601177,杭齿前进,13.27,0.45,32368.0,42797410.0,0.8
002164,宁波东力,11.24,0.45,48403.0,54394161.0,1.01
002682,龙洲股份,4.46,0.45,93997.0,41855239.0,1.67
001258,立新能源,13.46,0.45,949891.0,1277562874.89,10.18
300210,森远股份,9.05,0.44,54893.0,49705042.72,1.13
300987,川网传媒,13.78,0.44,26800.0,36915625.7,1.55
603967,中创物流,11.44,0.44,24149.0,27740845.0,0.7
600603,广汇物流,4.59,0.44,37797.0,17253778.0,0.32
301035,润丰股份,54.96,0.44,6450.0,35231715.23,0.18
000655,金岭矿业,6.89,0.44,30054.0,20689658.0,0.5
600523,贵航股份,11.43,0.44,17310.0,19708538.0,0.43
300960,通业科技,15.81,0.44,8098.0,12792117.98,0.62
688013,天臣医疗,24.91,0.44,6677.0,16636682.0,0.82
003027,同兴科技,16.29,0.43,13926.0,22677636.0,1.33
002301,齐心集团,6.96,0.43,77135.0,53775748.0,1.07
002383,合众思壮,7.04,0.43,67573.0,47491883.0,0.91
301017,漱玉平民,13.91,0.43,31047.0,43412807.72,1.2
002826,易明医药,16.52,0.43,23424.0,38772715.57,1.27
002706,良信股份,9.39,0.43,153734.0,144059164.1,1.68
300851,交大思诺,23.27,0.43,6397.0,14817456.0,1.3
300217,东方电热,4.65,0.43,177509.0,82453429.0,1.43
600251,冠农股份,9.42,0.43,55624.0,52097564.0,0.72
603299,苏盐井神,9.28,0.43,24229.0,22370722.0,0.31
603017,中衡设计,9.39,0.43,23050.0,21582206.0,0.83
688129,东来技术,20.99,0.43,4595.0,9629976.0,0.38
300660,江苏雷利,28.29,0.43,46656.0,131490025.78,0.8
000710,贝瑞基因,9.28,0.43,424704.0,400714432.67,12.89
601996,丰林集团,2.34,0.43,85037.0,19858947.0,0.76
301446,福事特,35.55,0.42,4129.0,14630273.0,1.3
688687,凯因科技,16.6,0.42,14844.0,24580732.0,0.87
605338,巴比食品,19.14,0.42,10425.0,19797670.0,0.44
688420,美腾科技,21.69,0.42,1993.0,4314793.0,0.23
000761,本钢板材,2.37,0.42,79671.0,18805701.65,0.21
601965,中国汽研,14.51,0.42,145558.0,214276022.0,1.46
301288,清研环境,16.58,0.42,5671.0,9403265.0,0.73
300682,朗新科技,11.89,0.42,148156.0,175960662.04,1.44
301038,深水规院,16.82,0.42,15505.0,26003224.0,0.7
301213,观想科技,45.78,0.42,26313.0,120384348.94,3.63
601319,中国人保,7.18,0.42,338321.0,241544787.0,0.1
600981,苏豪汇鸿,2.41,0.42,65782.0,15866929.0,0.29
300867,圣元环保,16.68,0.42,19434.0,32351012.67,1.01
300823,建科智能,14.27,0.42,14228.0,20309704.0,1.68
300887,谱尼测试,7.29,0.41,43368.0,31529495.45,1.2
603697,有友食品,9.72,0.41,29497.0,28477241.0,0.69
002442,龙星科技,4.92,0.41,45472.0,22400693.0,0.93
000151,中成股份,9.98,0.4,25920.0,25890752.0,0.84
300531,优博讯,17.39,0.4,106801.0,185028309.8,3.43
301320,豪江智能,12.57,0.4,7790.0,9769506.4,0.68
603051,鹿山新材,19.94,0.4,23388.0,46553853.0,1.45
688348,昱能科技,32.73,0.4,8258.0,26961252.0,0.53
600081,东风科技,9.99,0.4,12548.0,12518617.0,0.23
300384,三联虹普,12.43,0.4,19170.0,23854029.0,0.87
603301,振德医疗,87.15,0.4,15320.0,132964088.0,0.58
002556,辉隆股份,4.96,0.4,56273.0,27822327.57,0.6
600704,物产中大,5.01,0.4,156690.0,78215590.0,0.3
600390,五矿资本,5.01,0.4,183373.0,91635361.0,0.41
600727,鲁北化工,7.45,0.4,64329.0,47806614.0,1.22
001390,古麒绒材,17.74,0.4,5627.0,9937525.2,0.47
600689,上海三毛,10.17,0.39,15568.0,15841130.0,1.02
002625,光启技术,31.02,0.39,101065.0,313301553.82,0.47
600816,建元信托,2.6,0.39,341868.0,89010460.0,0.63
300778,新城市,10.39,0.39,13981.0,14560006.0,0.69
601211,国泰海通,18.03,0.39,395685.0,710962222.0,0.29
002343,慈文传媒,5.19,0.39,63020.0,32694927.8,1.33
000545,金浦钛业,2.55,0.39,186898.0,47719440.36,1.9
300713,英可瑞,12.8,0.39,13555.0,17331225.0,1.52
002377,国创高新,2.6,0.39,83509.0,21696785.0,0.96
603098,森特股份,10.22,0.39,23398.0,23801646.0,0.43
001234,泰慕士,20.36,0.39,10707.0,21804181.0,1.17
600325,华发股份,2.55,0.39,207491.0,52772475.0,0.75
300827,上能电气,26.01,0.39,71815.0,185993140.96,1.65
001207,联科科技,15.55,0.39,17839.0,27652893.2,0.61
600048,保利发展,5.13,0.39,571993.0,292334565.0,0.48
002901,大博医疗,43.37,0.39,7711.0,33259935.57,0.27
300511,雪榕生物,5.26,0.38,75658.0,39635692.0,1.39
000702,正虹科技,5.35,0.38,34522.0,18402397.0,1.29
601116,三江购物,10.61,0.38,78882.0,83747643.0,1.44
601127,赛力斯,58.84,0.38,266997.0,1558576632.0,1.71
002483,润邦股份,5.28,0.38,65355.0,34313626.2,0.74
002637,赞宇科技,10.61,0.38,79900.0,84081319.5,1.72
601311,骆驼股份,8.03,0.38,77289.0,61762715.0,0.66
301234,五洲医疗,69.06,0.38,35402.0,245386911.84,8.81
002873,新天药业,7.87,0.38,29073.0,22871513.0,1.21
002206,海 利 得,5.34,0.38,34342.0,18312204.0,0.32
002133,广宇集团,2.61,0.38,59864.0,15655121.99,0.78
002040,南 京 港,8.2,0.37,33833.0,27585689.2,0.7
603289,泰瑞机器,8.21,0.37,17256.0,14178511.0,0.59
300492,华图山鼎,27.0,0.37,52887.0,143353057.27,1.92
000504,南华生物,8.14,0.37,43628.0,35276011.8,1.33
301327,华宝新能,46.12,0.37,5628.0,25846057.78,0.32
000663,永安林业,5.39,0.37,31381.0,16969731.0,1.02
000659,珠海中富,2.74,0.37,105887.0,28993345.4,0.82
002923,润都股份,10.92,0.37,63260.0,69057529.88,2.45
601666,平煤股份,8.05,0.37,224910.0,181100879.0,0.91
002105,信隆健康,5.49,0.37,45690.0,25208748.0,1.25
688370,丛麟科技,22.12,0.36,1715.0,3795570.0,0.13
688029,南微医学,72.21,0.36,6338.0,45806393.0,0.34
002587,奥拓电子,5.55,0.36,104312.0,57663699.52,1.96
600868,梅雁吉祥,2.8,0.36,306814.0,86073904.0,1.62
600864,哈投股份,5.53,0.36,129286.0,71401603.0,0.62
600561,江西长运,5.5,0.36,43591.0,24129968.0,1.53
600822,上海物贸,8.26,0.36,14994.0,12370782.0,0.38
002939,长城证券,8.34,0.36,116228.0,96624260.7,0.32
600640,国脉文化,11.17,0.36,30131.0,33599684.0,0.38
301039,中集车辆,8.25,0.36,81714.0,67140496.01,0.56
600293,三峡新材,2.77,0.36,185414.0,51300233.0,1.6
301345,涛涛车业,247.38,0.36,5248.0,129809649.22,1.5
001279,强邦新材,24.96,0.36,3693.0,9195762.0,0.92
300994,久祺股份,11.08,0.36,13164.0,14597656.0,1.13
600408,安泰集团,2.76,0.36,150297.0,41330414.0,1.49
001226,拓山重工,41.25,0.36,2635.0,10858714.0,0.78
300291,百纳千成,5.5,0.36,259380.0,142031557.7,2.79
000039,中集集团,8.63,0.35,176889.0,152830250.94,0.77
301586,佳力奇,31.61,0.35,4663.0,14779639.0,0.88
301585,蓝宇股份,25.68,0.35,3010.0,7711156.6,0.44
002948,青岛银行,5.72,0.35,185404.0,106034381.82,0.53
001376,百通能源,11.38,0.35,91781.0,103887494.0,4.29
603116,红蜻蜓,5.77,0.35,37372.0,21510972.0,0.65
600280,中央商场,2.89,0.35,187861.0,54184521.0,1.66
300784,利安科技,39.62,0.35,2787.0,11040415.9,1.66
601799,星宇股份,95.35,0.35,12112.0,115245645.0,0.42
301082,久盛电气,11.32,0.35,276517.0,309972012.03,10.14
300275,梅安森,8.63,0.35,31525.0,27259261.0,1.16
002312,川发龙蟒,8.49,0.35,108710.0,92042480.0,0.58
002294,信立泰,34.2,0.35,137387.0,468151993.15,1.23
605183,确成股份,14.62,0.34,6072.0,8836238.0,0.15
601788,光大证券,14.92,0.34,106384.0,158480758.0,0.27
002157,正邦科技,2.95,0.34,376962.0,111208344.0,0.48
002258,利尔化学,14.75,0.34,170148.0,248597115.12,2.13
000600,建投能源,8.79,0.34,191883.0,167356563.09,1.76
002347,泰尔股份,5.92,0.34,57879.0,34294428.0,1.17
301263,泰恩康,20.53,0.34,19784.0,40703475.4,0.54
002930,宏川智慧,8.91,0.34,69328.0,61764447.7,1.6
002700,万憬能源,5.92,0.34,35765.0,21134364.0,0.87
300423,昇辉科技,5.84,0.34,54289.0,31690651.0,1.63
300898,熊猫乳品,20.42,0.34,25491.0,51837892.0,2.22
603881,数据港,26.33,0.34,369535.0,970499659.0,4.29
300415,伊之密,20.88,0.34,30031.0,62477970.0,0.66
001233,海安集团,44.76,0.34,5848.0,26167658.44,1.55
600109,国金证券,8.82,0.34,110458.0,97373589.0,0.3
002835,同为股份,12.13,0.33,13196.0,16036317.0,1.04
301060,兰卫医学,9.06,0.33,36539.0,33009955.11,1.01
301048,金鹰重工,9.06,0.33,20138.0,18209003.89,0.38
605268,王力安防,9.22,0.33,14472.0,13317047.0,0.33
600051,宁波联合,6.07,0.33,28021.0,17072077.0,0.9
002762,金发拉比,9.06,0.33,50337.0,45798138.88,2.38
003008,开普检测,18.35,0.33,8765.0,16061070.0,1.13
603767,中马传动,15.03,0.33,21631.0,32583884.0,0.7
600615,鑫源智造,9.17,0.33,9172.0,8400309.0,0.41
600258,首旅酒店,12.26,0.33,79016.0,96822604.0,0.71
300485,赛升药业,9.17,0.33,31152.0,28391879.0,1.14
301088,戎美股份,12.04,0.33,7007.0,8462156.0,0.37
002215,诺 普 信,9.19,0.33,72941.0,66807876.0,0.9
300583,赛托生物,12.32,0.33,13116.0,16127664.0,0.7
300206,理邦仪器,12.08,0.33,20117.0,24230919.0,0.59
300126,锐奇股份,6.06,0.33,27843.0,16868955.5,1.32
600958,东方证券,9.25,0.33,254860.0,235194527.0,0.34
000533,顺钠股份,12.64,0.32,1597994.0,2014451502.99,23.33
002801,微光股份,28.43,0.32,6053.0,17185866.0,0.52
000524,岭南控股,9.42,0.32,43389.0,40812178.0,0.65
600108,亚盛集团,3.14,0.32,346842.0,108700448.0,1.78
002900,哈三联,12.44,0.32,275484.0,343294388.8,17.1
001277,速达股份,27.92,0.32,6741.0,18823774.0,1.48
603402,陕西旅游,65.81,0.32,9758.0,64077609.0,3.88
301126,达嘉维康,9.32,0.32,16125.0,15030973.0,1.17
000908,石药景峰,6.23,0.32,82633.0,51479666.8,0.94
603609,禾丰股份,6.21,0.32,13615.0,8427386.0,0.15
688161,威高骨科,21.87,0.32,5780.0,12589811.0,0.14
300640,德艺文创,6.45,0.31,53148.0,34328743.0,2.41
300030,阳普医疗,6.56,0.31,39001.0,25607106.68,1.43
001206,依依股份,16.32,0.31,28031.0,45618362.0,2.62
601001,晋控煤业,16.22,0.31,93982.0,152041912.0,0.56
601279,英利汽车,3.22,0.31,44974.0,14437647.0,0.28
000002,万  科Ａ,3.27,0.31,519861.0,169462202.55,0.54
605188,国光连锁,12.8,0.31,60127.0,76891605.0,1.18
002184,海得控制,9.92,0.3,34501.0,34149325.47,1.44
301056,森赫股份,9.96,0.3,13267.0,13194876.0,0.75
605158,华达新材,6.79,0.3,15161.0,10296870.0,0.3
002613,北玻股份,3.34,0.3,128685.0,43033387.0,1.66
002777,久远银海,13.52,0.3,60013.0,81200070.6,1.48
301311,昆船智能,13.58,0.3,11565.0,15696648.11,0.48
000828,东莞控股,10.12,0.3,34116.0,34481845.0,0.33
603585,苏利股份,10.02,0.3,20962.0,20929597.0,0.77
600831,广电网络,3.36,0.3,123328.0,41611402.0,1.73
301008,宏昌科技,33.68,0.3,25340.0,84034734.6,2.19
603028,赛福天,6.63,0.3,14995.0,9949558.0,0.53
301061,匠心家居,36.41,0.3,13754.0,49937028.12,0.73
603611,诺力股份,17.32,0.29,13374.0,23064721.0,0.52
688032,禾迈股份,79.96,0.29,4915.0,39154548.0,0.4
600716,凤凰股份,3.46,0.29,25446.0,8815439.0,0.27
605117,德业股份,82.72,0.29,72895.0,596486120.0,0.57
600513,联环药业,17.27,0.29,138342.0,238763579.0,4.85
002521,齐峰新材,6.92,0.29,17525.0,12069097.0,0.42
603408,建霖家居,10.4,0.29,18940.0,19632530.0,0.42
301130,西点药业,24.47,0.29,6179.0,15081536.0,1.05
002026,山东威达,10.4,0.29,25851.0,26939874.0,0.59
001396,誉帆科技,34.63,0.29,7437.0,26015157.43,3.27
000957,中通客车,10.34,0.29,42186.0,43548518.0,0.71
300899,上海凯鑫,28.03,0.29,3474.0,9757202.0,0.85
300690,双一科技,21.72,0.28,14542.0,31520640.0,1.3
601901,方正证券,7.15,0.28,290474.0,207206322.0,0.35
002084,海鸥住工,3.53,0.28,103694.0,36814524.18,1.61
601155,新城控股,10.81,0.28,134118.0,144375271.0,0.59
002877,智能自控,7.22,0.28,18978.0,13677519.5,0.79
002331,皖通科技,7.06,0.28,35886.0,25256513.0,0.89
301383,天键股份,21.79,0.28,5086.0,11076382.68,0.72
600649,城投控股,3.73,0.27,76845.0,28676674.0,0.31
301101,明月镜片,30.18,0.27,10273.0,30922686.0,0.53
601568,北元化工,3.74,0.27,64164.0,23938894.0,0.16
300013,新宁物流,3.68,0.27,65100.0,23968294.0,1.17
000728,国元证券,7.37,0.27,114283.0,84106337.0,0.26
000825,太钢不锈,3.65,0.27,130288.0,47530705.26,0.23
002658,雪迪龙,7.33,0.27,25030.0,18278625.0,0.7
300032,金龙机电,3.68,0.27,98050.0,36066771.0,1.22
300466,赛摩智能,7.4,0.27,24632.0,18259781.0,0.55
603122,合富中国,11.26,0.27,86199.0,97279418.0,2.17
000157,中联重科,7.36,0.27,247070.0,181568272.69,0.35
002191,劲嘉股份,3.77,0.27,52081.0,19522823.0,0.37
000544,中原环保,7.45,0.27,25447.0,18874447.5,0.26
603035,常熟汽饰,11.13,0.27,18756.0,20828707.0,0.51
002783,凯龙股份,7.46,0.27,30535.0,22743420.0,0.66
002249,大洋电机,7.56,0.27,221339.0,166714674.9,1.19
300238,冠昊生物,11.35,0.27,24339.0,27608872.0,0.92
300597,吉大通信,7.54,0.27,26382.0,19945864.0,0.97
000692,惠天热电,3.86,0.26,55325.0,21320874.32,1.04
300719,安达维尔,11.55,0.26,15219.0,17567301.0,0.85
600218,全柴动力,7.63,0.26,29015.0,22083880.0,0.67
600509,天富能源,7.77,0.26,134697.0,104307303.0,0.98
688298,东方生物,19.1,0.26,5525.0,10545331.0,0.27
300113,顺网科技,19.17,0.26,236005.0,451318093.83,4.64
301011,华立科技,15.17,0.26,13257.0,20129636.0,0.9
600748,上实发展,3.81,0.26,48075.0,18262215.0,0.26
301100,风光股份,15.79,0.25,12257.0,19215833.8,1.38
002441,众业达,8.06,0.25,26670.0,21468557.0,0.67
301220,亚香股份,28.06,0.25,6975.0,19585592.6,0.89
603238,诺邦股份,11.86,0.25,15220.0,18038849.0,0.86
601601,中国太保,31.86,0.25,307583.0,973331003.0,0.45
600830,香溢融通,8.06,0.25,16490.0,13305451.0,0.36
601500,通用股份,4.03,0.25,64500.0,25962975.0,0.41
600983,惠而浦,7.94,0.25,11294.0,8916552.0,0.15
301187,欧圣电气,15.85,0.25,16288.0,25846423.6,0.64
300016,北陆药业,8.03,0.25,83508.0,66949834.51,1.49
300218,安利股份,12.06,0.25,9827.0,11857478.0,0.45
688459,哈铁科技,8.2,0.24,4481.0,3669844.0,0.09
002867,周大生,12.77,0.24,43018.0,54652340.8,0.4
600266,XD城建发,4.1,0.24,110204.0,45133578.0,0.53
601375,中原证券,4.21,0.24,151779.0,63790600.0,0.44
001285,瑞立科密,42.61,0.24,7433.0,31726709.46,1.79
601555,东吴证券,8.21,0.24,209122.0,172749002.0,0.42
600642,申能股份,8.35,0.24,167478.0,138901939.0,0.34
600637,东方明珠,8.4,0.24,231528.0,193961084.0,0.69
600562,国睿科技,24.94,0.24,54735.0,135331998.0,0.44
600375,汉马科技,4.1,0.24,113704.0,46527720.0,0.78
688139,海尔生物,28.88,0.24,10720.0,30966053.0,0.34
003042,中农联合,12.87,0.23,17689.0,22755473.5,1.43
002593,日上集团,4.37,0.23,56767.0,24748177.0,1.01
002216,三全食品,12.88,0.23,37289.0,47748352.9,0.59
002029,七 匹 狼,8.76,0.23,121096.0,105951398.38,1.82
600805,悦达投资,4.41,0.23,40485.0,17777191.0,0.48
002863,今飞凯达,4.43,0.23,43514.0,19308613.0,0.73
002570,贝因美,4.42,0.23,98087.0,43320470.0,0.91
601008,连云港,4.41,0.23,50594.0,22158706.0,0.41
603170,宝立食品,13.18,0.23,14867.0,19602746.0,0.37
603210,泰鸿万立,13.66,0.22,13929.0,18963359.0,0.6
600106,重庆路桥,4.59,0.22,48556.0,22256078.0,0.37
603192,汇得科技,22.75,0.22,20462.0,46286554.0,1.47
000409,云鼎科技,9.02,0.22,37409.0,33795945.74,0.63
601068,中铝国际,4.59,0.22,54369.0,24992966.0,0.21
002059,云南旅游,4.51,0.22,32433.0,14649673.0,0.33
603909,建发合诚,9.0,0.22,21492.0,19361537.0,0.82
300315,掌趣科技,4.5,0.22,519753.0,233966235.68,2.05
301275,汉朔科技,46.25,0.22,38248.0,176999629.73,1.27
600761,安徽合力,17.9,0.22,47610.0,84902015.0,0.53
688767,博拓生物,38.25,0.21,10924.0,41732507.0,0.73
600185,珠免集团,4.85,0.21,93141.0,45203611.0,0.49
600416,湘电股份,9.38,0.21,62191.0,58199766.0,0.42
000716,黑芝麻,4.72,0.21,69082.0,32603767.0,0.94
603355,莱克电气,28.63,0.21,19264.0,55220525.0,0.34
002053,云南能投,9.75,0.21,34139.0,33216478.5,0.37
300365,恒华科技,4.87,0.21,68127.0,33261356.0,1.33
002893,京能热力,9.73,0.21,32808.0,31805714.0,1.62
000715,中兴商业,4.85,0.21,32051.0,15573666.3,0.66
603616,韩建河山,5.13,0.2,60639.0,31126520.0,1.58
002557,洽洽食品,19.79,0.2,52037.0,102268708.64,1.03
300158,振东制药,5.05,0.2,93056.0,46698854.0,0.94
300915,海融科技,20.01,0.2,9743.0,19461299.4,1.69
002010,传化智联,5.0,0.2,108848.0,54500186.01,0.39
603878,武进不锈,4.98,0.2,59799.0,29886541.0,1.07
000530,冰山冷热,5.03,0.2,59595.0,29906614.0,0.99
002597,金禾实业,20.51,0.2,39630.0,80705699.55,0.7
600728,佳都科技,5.05,0.2,208891.0,105563453.0,0.98
600796,钱江生化,5.04,0.2,33604.0,16885597.0,1.08
688060,云涌科技,34.25,0.2,1573.0,5378830.0,0.26
002522,浙江众成,5.01,0.2,141944.0,71317478.42,1.57
002467,二六三,4.89,0.2,336200.0,164052227.15,2.46
002736,国信证券,10.33,0.19,120805.0,124581473.59,0.13
603639,海利尔,10.58,0.19,11811.0,12524201.0,0.35
600763,通策医疗,36.57,0.19,48081.0,175809911.0,1.07
688472,阿特斯,10.53,0.19,240881.0,252158350.0,0.66
002367,康力电梯,5.41,0.19,44829.0,24179862.0,0.56
002188,中天服务,5.27,0.19,50670.0,26864651.0,1.97
600120,浙江东方,5.2,0.19,240963.0,124752632.0,0.71
301632,广东建科,15.6,0.19,20073.0,31268853.48,2.74
002209,达 意 隆,10.78,0.19,16540.0,17820242.0,1.05
600926,杭州银行,16.17,0.19,210794.0,341143049.0,0.29
301505,苏州规划,16.02,0.19,9277.0,14905114.19,1.02
301331,恩威医药,20.97,0.19,9357.0,19593513.1,0.91
600516,方大炭素,5.26,0.19,279479.0,146816151.0,0.69
300124,汇川技术,64.22,0.19,147894.0,946026198.46,0.61
605028,世茂能源,26.38,0.19,7388.0,19388078.0,0.46
000936,华西股份,5.27,0.19,56861.0,29971492.87,0.64
000910,大亚圣象,5.24,0.19,24496.0,12841295.0,0.45
000553,安道麦A,5.37,0.19,29601.0,15854600.0,0.14
600697,欧亚集团,10.49,0.19,22044.0,23214257.0,1.42
603919,金徽酒,16.46,0.18,66700.0,109023602.0,1.31
300232,洲明科技,5.42,0.18,90456.0,48952985.0,1.02
603817,海峡环保,5.66,0.18,50315.0,28368109.0,0.88
600918,中泰证券,5.68,0.18,167738.0,95045181.0,0.37
601801,皖新传媒,5.6,0.18,53915.0,30136268.0,0.28
600710,苏美达,10.85,0.18,72355.0,77797489.0,0.55
002420,毅昌科技,5.63,0.18,40226.0,22756600.0,0.99
002500,山西证券,5.44,0.18,92191.0,50093889.8,0.26
300722,新余国科,22.01,0.18,15384.0,33808617.0,0.56
002014,永新股份,10.9,0.18,17454.0,18909784.6,0.29
600819,耀皮玻璃,5.48,0.18,36438.0,19869689.0,0.46
002457,青龙管业,10.85,0.18,135692.0,146861636.0,4.07
300482,万孚生物,17.44,0.17,30625.0,53260321.0,0.71
605033,美邦股份,18.08,0.17,22646.0,40873960.0,1.68
300426,华智数媒,5.98,0.17,61412.0,36797366.0,1.54
300049,福瑞医科,47.0,0.17,42037.0,198400127.2,1.8
002471,中超控股,5.79,0.17,565084.0,325907279.53,4.2
603083,剑桥科技,148.94,0.17,247646.0,3591106870.0,8.99
002282,博深股份,5.88,0.17,22013.0,12985032.0,0.44
300732,设研院,5.95,0.17,28137.0,16808754.6,0.76
300926,博俊科技,18.21,0.17,20781.0,37835392.0,0.7
600232,金鹰股份,6.02,0.17,26660.0,16031915.0,0.73
300639,凯普生物,5.76,0.17,94508.0,54107250.11,1.5
002177,御银股份,5.95,0.17,248637.0,148095197.65,3.68
301136,招标股份,11.55,0.17,22418.0,25949180.48,0.82
601377,兴业证券,6.02,0.17,432469.0,259956727.0,0.5
301033,迈普医学,58.66,0.17,7561.0,43854921.29,1.34
300289,利德曼,5.74,0.17,29420.0,16873261.0,0.54
301015,百洋医药,23.64,0.17,32355.0,75979410.87,0.62
000155,川能动力,12.14,0.17,289709.0,350721507.29,1.57
600155,华创云信,6.04,0.17,141415.0,85257494.0,0.64
300011,鼎汉技术,5.98,0.17,22995.0,13722526.0,0.45
301063,海锅股份,17.37,0.17,9477.0,16511184.58,0.98
605008,长鸿高科,11.51,0.17,13124.0,15166830.0,0.2
300822,贝仕达克,12.24,0.16,86349.0,105002879.33,2.99
300407,凯发电气,12.54,0.16,86698.0,108398582.0,3.35
002478,常宝股份,6.38,0.16,50742.0,32346803.0,0.7
600901,江苏金租,6.3,0.16,158484.0,99190465.0,0.27
688543,国科军工,38.76,0.16,31614.0,122170376.0,1.26
302132,中航成飞,58.08,0.16,31287.0,181300253.29,0.53
600602,云赛智联,18.58,0.16,389600.0,719675729.0,3.63
301298,东利机械,12.26,0.16,8115.0,9975990.8,0.75
002363,隆基机械,6.43,0.16,22534.0,14508504.0,0.54
000635,英 力 特,6.43,0.16,17017.0,10955841.0,0.46
002660,茂硕电源,6.79,0.15,24522.0,16705822.0,0.71
605003,众望布艺,20.19,0.15,7481.0,15119935.0,0.68
600061,国投资本,6.55,0.15,191206.0,125040142.0,0.3
000983,山西焦煤,6.47,0.15,248573.0,160370211.7,0.44
002334,英威腾,6.79,0.15,60117.0,40773385.0,0.82
002800,天顺股份,13.16,0.15,14553.0,19147047.34,0.98
002159,三特索道,13.32,0.15,15668.0,20913670.0,1.13
001979,招商蛇口,6.83,0.15,525520.0,356908848.02,0.59
603848,好太太,13.42,0.15,8047.0,10762320.0,0.2
300086,康芝药业,6.57,0.15,99760.0,65592821.0,2.26
600276,恒瑞医药,53.5,0.15,419144.0,2236857395.0,0.66
300636,同和药业,6.86,0.15,39329.0,26949838.0,1.07
600195,中牧股份,6.56,0.15,32470.0,21175575.0,0.32
000917,电广传媒,7.25,0.14,133633.0,96870937.65,0.94
600089,特变电工,21.41,0.14,721962.0,1535282575.0,1.43
300387,富邦科技,7.13,0.14,27299.0,19479964.0,0.94
301539,宏鑫科技,14.33,0.14,10846.0,15563962.0,1.44
603215,比依股份,14.2,0.14,5286.0,7490097.0,0.28
601727,上海电气,6.98,0.14,448890.0,312438929.0,0.36
002451,摩恩电气,7.31,0.14,78564.0,57520416.24,1.79
000661,长春高新,77.28,0.14,43703.0,338168669.69,1.09
300947,德必集团,14.13,0.14,16351.0,23090056.87,1.08
600839,四川长虹,7.03,0.14,438253.0,308002869.0,0.95
600838,上海九百,7.36,0.14,38379.0,28257346.0,0.96
301129,瑞纳智能,21.18,0.14,6268.0,13265757.52,0.93
301381,赛维时代,23.65,0.13,33797.0,79685276.0,0.83
688819,天能股份,22.75,0.13,13685.0,31067301.0,0.14
601717,中创智领,16.01,0.13,94316.0,150870089.0,0.61
002905,金逸影视,7.61,0.13,20621.0,15694164.0,0.59
688775,影石创新,135.74,0.13,29625.0,398484103.0,1.14
301665,泰禾股份,22.51,0.13,14212.0,32049886.78,1.36
002612,朗姿股份,14.94,0.13,110392.0,164513929.62,4.34
603337,杰克科技,45.97,0.13,38122.0,173941477.0,0.82
002459,晶澳科技,7.8,0.13,182761.0,141970989.48,0.55
002809,红墙股份,7.96,0.13,29229.0,23417518.88,1.72
002942,新农股份,15.08,0.13,7493.0,11318920.0,0.54
000561,烽火电子,7.68,0.13,42203.0,32308750.0,0.54
603381,永臻股份,15.0,0.13,21614.0,32371786.0,1.52
600593,大连圣亚,39.03,0.13,17386.0,67916433.0,1.35
002091,江苏国泰,7.84,0.13,63867.0,49865353.04,0.4
688137,近岸蛋白,40.58,0.12,16082.0,64261855.0,2.3
603333,福华尚纬,8.6,0.12,140008.0,120287496.0,2.25
301135,瑞德智能,16.4,0.12,19922.0,32701031.25,1.97
002825,纳尔股份,8.37,0.12,17997.0,15001058.43,0.7
002847,盐津铺子,50.62,0.12,26681.0,134348691.09,1.09
605162,新中港,8.56,0.12,128952.0,110787280.0,2.91
603089,正裕工业,8.66,0.12,8086.0,7015220.0,0.34
300805,电声股份,8.48,0.12,81404.0,68793805.0,2.82
301207,华兰疫苗,17.85,0.11,21560.0,38485275.48,0.36
603066,音飞储存,9.01,0.11,19790.0,17850924.0,0.67
301609,山大电力,37.19,0.11,24238.0,89724772.2,2.47
603551,奥普科技,9.42,0.11,10563.0,9931881.0,0.28
603579,荣泰健康,18.02,0.11,10785.0,19392985.0,0.54
603230,内蒙新华,9.16,0.11,8678.0,7936493.0,0.25
002389,航天彩虹,18.51,0.11,115549.0,212791012.39,1.17
688528,秦川物联,9.3,0.11,10816.0,10112349.0,0.64
301278,快可电子,27.42,0.11,8961.0,24568684.1,1.74
300494,盛天网络,8.91,0.11,64470.0,57424767.0,1.62
301085,亚康股份,64.44,0.11,32682.0,208851261.57,5.55
603350,安乃达,27.71,0.11,3192.0,8837906.0,0.72
603648,畅联股份,9.12,0.11,9726.0,8854957.0,0.27
301390,经纬股份,30.05,0.1,6026.0,18212511.0,1.23
002416,爱施德,9.87,0.1,77393.0,76301902.0,0.63
300993,玉马科技,10.0,0.1,11124.0,11108939.9,0.46
000014,沙河股份,10.11,0.1,31941.0,32239561.0,1.32
601878,浙商证券,9.59,0.1,145242.0,139189433.0,0.32
301491,汉桑科技,39.49,0.1,4793.0,18860658.73,1.68
300371,汇中股份,10.01,0.1,15809.0,15866181.6,1.13
002953,日丰股份,9.77,0.1,38655.0,37527574.0,1.37
600992,贵绳股份,9.86,0.1,45966.0,45195825.0,1.88
000411,英特集团,9.61,0.1,20619.0,19716117.0,0.37
300755,华致酒行,11.67,0.09,29752.0,34557370.0,0.71
603199,九华旅游,32.41,0.09,7411.0,24016803.0,0.67
600435,北方导航,10.77,0.09,93044.0,100031114.0,0.62
603508,思维列控,23.42,0.09,20793.0,48470441.0,0.55
002802,洪汇新材,11.13,0.09,14707.0,16387522.18,0.98
300958,建工修复,11.43,0.09,19091.0,21784258.6,2.1
603856,东宏股份,11.43,0.09,16574.0,18916497.0,0.59
600054,黄山旅游,11.28,0.09,31328.0,35313458.0,0.61
301357,北方长龙,94.01,0.09,24843.0,232773289.54,2.61
300444,双杰电气,10.92,0.09,411042.0,444425819.54,6.55
600372,中航机载,11.45,0.09,127302.0,145554851.0,0.26
000899,赣能股份,11.05,0.09,109664.0,120848389.0,1.12
601083,锦江航运,11.32,0.09,30481.0,34513808.0,1.57
605122,四方新材,10.86,0.09,14650.0,15881851.0,0.85
300599,雄塑科技,10.97,0.09,67872.0,75233984.0,3.61
002773,康弘药业,21.55,0.09,41688.0,89273791.77,0.61
688078,龙软科技,23.1,0.09,5369.0,12460543.0,0.74
301006,迈拓股份,13.13,0.08,9584.0,12638798.0,1.14
300760,迈瑞医疗,154.39,0.08,50265.0,774011057.86,0.41
300564,筑博设计,11.81,0.08,15719.0,18682129.0,1.39
301638,南网数字,24.61,0.08,98188.0,240045553.23,3.92
300642,透景生命,12.91,0.08,14442.0,18656576.0,1.05
601877,正泰电器,25.9,0.08,136034.0,350058124.0,0.63
603685,晨丰科技,25.48,0.08,15094.0,38196015.0,0.75
300910,瑞丰新材,29.62,0.07,22724.0,66854502.3,0.85
605118,力鼎光电,29.25,0.07,30410.0,88653528.0,0.74
688599,天合光能,14.3,0.07,160217.0,228698843.0,0.68
600985,淮北矿业,14.8,0.07,103833.0,153502152.0,0.39
603338,浙江鼎力,56.89,0.07,28027.0,159874793.0,0.55
603191,望变电气,14.31,0.07,51341.0,72940840.0,1.56
688570,天玛智控,14.92,0.07,3937.0,5873399.0,0.21
000581,威孚高科,17.69,0.06,31598.0,55815162.84,0.4
605333,沪光股份,17.41,0.06,11154.0,19383658.0,0.24
688330,宏力达,33.81,0.06,6557.0,22126806.0,0.47
601606,长城军工,33.52,0.06,199179.0,665566577.0,2.75
002142,宁波银行,31.52,0.06,153953.0,485186820.02,0.23
003013,地铁设计,18.12,0.06,56829.0,102196387.04,1.41
002039,黔源电力,19.9,0.05,44348.0,87810610.65,1.04
600645,中源协和,19.04,0.05,38128.0,72390923.0,0.82
300895,铜牛信息,54.7,0.04,61684.0,333839922.85,4.46
301557,常友科技,76.52,0.03,4587.0,35125502.6,1.84
688679,通源环境,38.1,0.03,17930.0,68242401.0,1.36
600702,舍得酒业,37.36,0.03,84160.0,312104587.0,2.54
301173,毓恬冠佳,30.46,0.03,4388.0,13403156.0,1.42
603334,丰倍生物,33.01,0.03,10886.0,35863260.0,3.42
688050,爱博医疗,41.12,0.02,15339.0,62874757.0,0.79
603130,云中马,40.97,0.02,9476.0,39119266.0,0.69
601065,江盐集团,6.89,0.0,18918.0,13005265.0,0.29
000928,中钢国际,5.19,0.0,63305.0,32747942.09,0.44
600073,光明肉业,5.18,0.0,45313.0,23414017.0,0.48
688425,铁建重工,4.31,0.0,107182.0,46102488.0,0.2
300829,金丹科技,14.55,0.0,14647.0,21234959.2,0.93
603300,海南华铁,5.14,0.0,247947.0,127365067.0,1.24
000889,中嘉博创,3.92,0.0,335257.0,130816351.0,3.85
603231,索宝蛋白,15.04,0.0,13724.0,20654491.0,1.29
000959,首钢股份,3.78,0.0,174247.0,65698515.0,0.23
603279,景津装备,13.06,0.0,35064.0,45684871.0,0.61
000953,中哲精化,5.65,0.0,32890.0,18578838.0,0.9
603136,天目湖,8.93,0.0,13287.0,11862626.0,0.49
600982,宁波能源,5.15,0.0,155374.0,79427927.0,1.39
600335,国机汽车,5.24,0.0,54110.0,28354882.0,0.36
300131,英唐智控,14.9,0.0,481698.0,702745008.28,4.62
001323,慕思股份,17.14,0.0,16589.0,28317595.6,0.53
001322,箭牌家居,6.19,0.0,15242.0,9385861.0,0.19
603086,先达股份,5.55,0.0,26674.0,14800608.0,0.61
688695,中创股份,19.42,0.0,11477.0,22588503.0,2.15
601005,重庆钢铁,1.22,0.0,396949.0,48400071.0,0.48
300376,易事特,4.93,0.0,114678.0,56253993.39,0.49
601033,永兴股份,14.63,0.0,22746.0,33188160.0,0.95
601015,陕西黑猫,3.33,0.0,180872.0,60062588.0,0.89
002513,蓝丰生化,4.98,0.0,34331.0,17084411.0,1.19
300350,华鹏飞,4.3,0.0,76328.0,32791524.0,1.62
600966,博汇纸业,4.94,0.0,60365.0,29761485.0,0.45
600959,江苏有线,3.16,0.0,174352.0,55100592.0,0.35
600128,苏豪弘业,8.09,0.0,17598.0,14225789.0,0.71
603151,邦基科技,12.44,0.0,14958.0,18611736.0,0.87
002470,金正大,1.96,0.0,376483.0,73856678.0,1.15
600361,创新新材,3.78,0.0,161880.0,61312794.0,0.43
600359,新农开发,6.05,0.0,36998.0,22352904.0,0.97
000738,航发控制,18.36,0.0,53912.0,99054654.0,0.41
600017,日照港,2.76,0.0,163696.0,45163252.0,0.53
600006,东风股份,5.61,0.0,81748.0,45794577.0,0.41
000720,新能泰山,3.56,0.0,145016.0,51680498.0,1.15
002011,盾安环境,10.52,0.0,58005.0,60917867.34,0.55
001391,国货航,4.33,0.0,107902.0,46776067.21,0.71
600665,天地源,2.97,0.0,58555.0,17390378.0,0.68
002554,惠博普,2.87,0.0,57102.0,16295684.0,0.43
603060,国检集团,5.51,0.0,34770.0,19180685.0,0.43
600894,广日股份,7.88,0.0,25956.0,20427607.0,0.31
600135,乐凯胶片,7.29,0.0,30205.0,22128999.0,0.55
600133,东湖高新,8.39,0.0,87839.0,73668278.0,0.82
300332,天壕能源,4.8,0.0,91920.0,43947578.0,1.13
300079,数码视讯,4.66,0.0,208833.0,97602186.61,1.63
002021,中捷资源,2.59,0.0,138578.0,35985025.77,1.16
603382,海阳科技,18.32,0.0,13132.0,23987922.0,1.14
002516,旷达科技,5.41,0.0,42550.0,22985615.2,0.29
603366,日出东方,6.91,0.0,59409.0,41089284.0,0.73
600854,春兰股份,4.41,0.0,27615.0,12178638.0,0.53
688538,和辉光电-U,2.44,0.0,371015.0,90170144.0,0.64
000785,居然智家,2.3,0.0,294618.0,67608780.29,0.51
300670,大烨智能,5.92,0.0,30562.0,18124424.0,1.36
000767,晋控电力,3.79,0.0,723719.0,273550426.22,2.49
002116,中国海诚,7.12,0.0,14782.0,10511822.8,0.27
002090,金智科技,9.62,0.0,40923.0,39362419.0,1.03
600383,金地集团,2.28,0.0,299283.0,68050896.0,0.66
300062,中能电气,6.81,0.0,214188.0,144729559.78,4.67
002088,鲁阳节能,7.66,0.0,20716.0,15941827.8,0.41
002573,清新环境,3.25,0.0,46187.0,15013873.52,0.33
601992,金隅集团,1.42,0.0,215544.0,30385163.0,0.26
002564,天沃科技,4.44,0.0,75533.0,33362530.0,0.88
002562,兄弟科技,4.56,0.0,105086.0,47776300.0,1.29
601990,南京证券,6.88,0.0,100741.0,69317052.0,0.24
600182,S佳通,13.02,0.0,11261.0,14624594.0,0.66
002642,荣联科技,7.52,0.0,132548.0,99547740.0,2.0
002640,跨境通,3.45,0.0,613138.0,211561321.0,3.96
603029,天鹅股份,14.83,0.0,11278.0,16811771.0,0.93
002041,登海种业,8.79,0.0,65154.0,57104755.0,0.74
600834,申通地铁,7.38,0.0,10675.0,7901304.0,0.22
600210,紫江企业,6.27,0.0,56684.0,35468437.0,0.37
600825,新华传媒,5.12,0.0,49773.0,25483730.0,0.48
600824,益民集团,3.55,0.0,40954.0,14507847.0,0.39
301065,本立科技,18.61,0.0,6420.0,11919379.0,0.74
300043,星辉娱乐,4.95,0.0,326286.0,161007743.0,2.62
600477,杭萧钢构,2.45,0.0,145312.0,35556486.0,0.62
301062,上海艾录,6.33,0.0,34968.0,22191906.1,1.27
300519,新光药业,13.73,0.0,27255.0,37397777.94,2.39
300509,新美星,8.4,0.0,27947.0,23491087.0,1.13
002127,南极电商,3.16,0.0,229719.0,72701183.0,1.15
600202,哈空调,4.83,0.0,40476.0,19558106.0,1.06
002678,珠江钢琴,4.49,0.0,32745.0,14666146.0,0.24
300287,飞利信,4.0,0.0,403002.0,160405304.9,3.06
600810,神马股份,6.37,0.0,74267.0,46960140.0,0.69
300272,开能健康,5.63,0.0,36890.0,20720676.0,0.79
002676,顺威股份,5.05,0.0,44337.0,22387262.0,0.62
002673,西部证券,6.81,0.0,115281.0,78529847.97,0.26
002146,荣盛发展,1.14,0.0,414175.0,46779666.0,1.06
002144,宏达高科,10.41,0.0,16594.0,17282463.0,1.21
600222,太龙药业,7.48,0.0,97619.0,73676129.0,1.75
002666,德联集团,4.13,0.0,43727.0,18092474.0,0.87
600215,派斯林,6.16,0.0,35910.0,22159675.0,0.79
600250,南京商旅,8.41,0.0,33856.0,28533764.0,1.08
601777,千里科技,8.69,0.0,229284.0,200710035.0,0.51
603418,友升股份,44.75,0.0,4900.0,21891382.0,1.18
603529,爱玛科技,21.41,0.0,49034.0,104796212.0,0.58
301185,鸥玛软件,16.83,0.0,17771.0,30064596.62,1.28
688509,正元地信,4.19,0.0,31155.0,13101511.0,0.81
300743,天地数码,14.84,0.0,11952.0,17726000.0,0.94
603801,志邦家居,5.87,0.0,35702.0,21037437.0,0.82
002219,新里程,2.12,0.0,381732.0,80657130.4,1.17
000560,我爱我家,2.21,0.0,504488.0,110497518.23,2.16
600278,东方创业,6.31,0.0,23840.0,15005659.0,0.28
603628,清源股份,9.52,0.0,16991.0,16173678.0,0.62
301584,建发致新,22.17,0.0,17288.0,38248068.77,3.22
300220,金运激光,10.49,0.0,12625.0,13239686.0,0.84
002218,拓日新能,4.18,0.0,316705.0,132239984.79,2.28
300239,东宝生物,4.9,0.0,32455.0,15924278.35,0.55
002251,步步高,3.75,0.0,468380.0,176375239.25,2.11
002247,聚力文化,2.24,0.0,89818.0,20101346.0,1.4
688592,司南导航,23.88,0.0,4709.0,11190446.0,0.85
600508,上海能源,8.52,0.0,26551.0,22591686.0,0.26
600503,华丽家族,2.11,0.0,153352.0,32309144.0,0.96
002701,奥瑞金,4.89,0.0,209636.0,101616591.63,0.82
600326,西藏天路,6.87,0.0,242816.0,166419614.0,1.78
002285,世联行,2.15,0.0,146133.0,31426819.0,0.74
002277,友阿股份,5.81,0.0,98139.0,56940662.0,0.7
601518,吉林高速,2.79,0.0,59770.0,16646183.0,0.32
002799,环球印务,6.63,0.0,27450.0,18178695.0,0.86
002791,坚朗五金,15.41,0.0,24623.0,37719013.0,1.13
601368,绿城水务,4.42,0.0,24880.0,10989057.0,0.28
003037,三和管桩,5.64,0.0,15253.0,8598062.0,0.25
003035,南网能源,5.72,0.0,137015.0,78056485.33,0.36
601366,利群股份,3.54,0.0,49115.0,17388404.0,0.51
002269,美邦服饰,1.43,0.0,265095.0,38033731.0,1.13
300215,电科院,6.39,0.0,63252.0,40288362.0,0.84
600300,维维股份,3.19,0.0,113853.0,36152273.0,0.7
002775,文科股份,3.85,0.0,88429.0,34009082.0,1.52
600287,苏豪时尚,4.59,0.0,19352.0,8888590.0,0.44
600749,西藏旅游,13.9,0.0,36494.0,50734213.0,1.61
600569,安阳钢铁,1.82,0.0,101178.0,18297063.0,0.35
002614,奥佳华,4.79,0.0,36866.0,17605943.5,0.84
300155,安居宝,4.17,0.0,39310.0,16454228.0,1.19
600567,山鹰国际,1.35,0.0,516952.0,70006618.0,0.82
301535,浙江华远,16.88,0.0,29710.0,49598520.73,1.75
002375,亚厦股份,3.54,0.0,74464.0,26401012.0,0.56
000529,广弘控股,4.75,0.0,26958.0,12854322.75,0.47
300654,世纪天鸿,11.1,0.0,407506.0,440469822.82,11.56
301258,富士莱,24.93,0.0,8321.0,20732598.0,0.93
600560,金自天正,11.09,0.0,9982.0,11089196.0,0.45
601136,首创证券,14.93,0.0,73565.0,109662184.0,0.27
600657,信达地产,2.62,0.0,100143.0,26156301.0,0.35
002862,实丰文化,13.62,0.0,22392.0,30424783.0,1.74
002337,赛象科技,4.58,0.0,35716.0,16419947.57,0.61
600675,中华企业,2.27,0.0,105498.0,23866695.0,0.17
605001,威奥股份,5.43,0.0,25247.0,13761506.0,0.64
600715,文投控股,1.66,0.0,210157.0,34655783.0,0.73
600724,宁波富达,5.11,0.0,47409.0,24181491.0,0.33
002995,天地在线,18.23,0.0,97927.0,177761590.25,8.71
002321,华英农业,1.92,0.0,156175.0,29918522.0,0.74
002307,北新路桥,3.1,0.0,138267.0,42669019.96,0.85
600283,钱江水利,7.97,0.0,11933.0,9484768.0,0.21
600693,东百集团,9.66,0.0,582227.0,563490789.0,6.7
600282,南钢股份,4.86,0.0,212473.0,103201888.0,0.34
300180,华峰超纤,4.51,0.0,158530.0,71665296.35,0.93
000812,陕西金叶,3.5,0.0,116098.0,40806989.0,1.54
603600,永艺股份,9.63,0.0,22909.0,21967727.0,0.69
000548,湖南投资,4.38,0.0,39069.0,17098648.0,0.78
000797,中国武夷,2.39,0.0,84865.0,20206133.26,0.54
000541,佛山照明,5.0,0.0,33119.0,16548352.0,0.27
600033,福建高速,3.58,0.0,121022.0,43091980.0,0.44
600022,山东钢铁,1.39,0.0,391759.0,54255896.0,0.37
000796,凯撒旅业,3.91,0.0,135232.0,53000873.52,1.02
301507,民生健康,12.26,0.0,14894.0,18228877.0,1.35
000055,方大集团,3.44,0.0,50959.0,17510832.29,0.75
600586,金晶科技,4.25,0.0,61650.0,26196842.0,0.43
000008,神州高铁,2.44,0.0,140697.0,34224442.0,0.52
603677,奇精机械,13.23,0.0,7579.0,9993645.0,0.39
603676,卫信康,8.81,0.0,13837.0,12158214.0,0.32
000605,渤海股份,5.79,0.0,19663.0,11416120.0,0.56
000591,太阳能,4.56,0.0,247373.0,112693537.0,0.63
000099,中信海直,14.67,0.0,34454.0,50496110.6,0.44
688526,科前生物,12.9,0.0,5998.0,7728624.0,0.13
300729,乐歌股份,10.26,0.0,15689.0,16085955.32,0.48
600622,光大嘉宝,2.18,0.0,104186.0,22635856.0,0.69
002946,新乳业,17.26,0.0,38581.0,66375620.0,0.45
002891,中宠股份,31.67,0.0,95389.0,301669369.92,2.96
603811,诚意药业,7.24,0.0,15912.0,11493798.0,0.35
300422,博世科,4.42,0.0,56902.0,25386517.47,1.1
600310,广西能源,4.46,0.0,382079.0,169574137.0,2.61
000514,渝 开 发,3.9,0.0,48302.0,18813525.0,0.57
300160,秀强股份,4.36,0.0,29097.0,12704964.12,0.38
300414,中光防雷,11.39,0.0,84231.0,95630786.57,2.69
000507,珠海港,4.99,0.0,45059.0,22374112.0,0.5
000421,南京公用,5.42,0.0,44474.0,24115418.0,0.77
002404,嘉欣丝绸,5.88,0.0,29411.0,17225156.0,0.65
603332,苏州龙杰,10.91,0.0,23198.0,25256719.0,1.07
000402,金 融 街,2.48,0.0,194708.0,48043887.0,0.65
603693,江苏新能,12.41,0.0,44987.0,55529434.0,0.5
603331,百达精工,11.84,0.0,23999.0,28416203.0,1.19
688016,心脉医疗,93.46,0.0,8422.0,78512688.0,0.68
000850,华茂股份,4.04,0.0,38651.0,15573610.0,0.41
300869,康泰医学,11.22,0.0,13158.0,14737827.01,0.5
600486,扬农化工,55.47,-0.02,45754.0,252691286.0,1.13
301560,众捷汽车,23.39,-0.04,14442.0,33949755.06,2.37
300937,药易购,24.45,-0.04,30347.0,74471653.4,4.68
603406,天富龙,27.28,-0.04,4269.0,11649003.0,1.16
603939,益丰药房,22.43,-0.04,69866.0,157860921.0,0.58
301552,科力装备,23.6,-0.04,9011.0,21239089.9,2.91
301578,辰奕智能,22.04,-0.05,7850.0,17301702.25,2.61
300880,迦南智能,19.89,-0.05,16152.0,31986031.25,0.83
688363,华熙生物,39.03,-0.05,27327.0,105810986.0,0.57
300573,兴齐眼药,42.31,-0.05,38526.0,162406953.14,1.4
301335,天元宠物,21.36,-0.05,7386.0,15832948.2,0.84
603706,东方环宇,18.86,-0.05,7279.0,13706625.0,0.38
600131,国网信通,16.16,-0.06,62877.0,101756239.0,0.53
300791,仙乐健康,17.1,-0.06,6036.0,10319564.0,0.23
601702,华峰铝业,15.65,-0.06,45827.0,71529419.0,0.46
603833,欧派家居,33.03,-0.06,32252.0,106415906.0,0.53
600893,航发动力,35.66,-0.06,177953.0,632460013.0,0.67
003020,立方制药,17.38,-0.06,54692.0,94388969.2,3.24
002732,燕塘乳业,13.46,-0.07,10274.0,13845066.0,0.66
301109,军信股份,13.75,-0.07,27087.0,37155115.0,0.43
000799,酒鬼酒,40.79,-0.07,64558.0,261384890.35,1.99
603806,福斯特,15.23,-0.07,156686.0,236952317.0,0.6
301336,趣睡科技,39.99,-0.07,2535.0,10119007.67,0.63
300703,创源股份,13.38,-0.07,24611.0,32940740.66,1.48
600694,大商股份,14.67,-0.07,27342.0,40059777.0,0.72
603486,科沃斯,59.9,-0.07,31842.0,190084916.0,0.56
688799,华纳药厂,44.23,-0.07,18338.0,81356238.0,1.37
301361,众智科技,29.48,-0.07,7239.0,21291896.0,1.28
002439,启明星辰,14.33,-0.07,238634.0,342180341.05,3.28
688132,邦彦技术,13.37,-0.07,5471.0,7344364.0,0.36
603153,上海建科,13.4,-0.07,6723.0,9012805.0,0.17
603630,拉芳家化,15.19,-0.07,60319.0,91476868.0,2.68
603586,金麒麟,13.27,-0.08,6841.0,9079506.0,0.35
300452,山河药辅,12.27,-0.08,22854.0,28004842.68,1.15
300251,光线传媒,12.23,-0.08,324084.0,396037117.62,1.17
600438,通威股份,12.83,-0.08,482529.0,611052227.0,1.07
603737,三棵树,23.68,-0.08,49208.0,116030211.0,0.56
002780,三夫户外,13.1,-0.08,27003.0,35520319.0,2.07
603107,上海汽配,12.28,-0.08,19295.0,23625088.0,0.88
688581,安杰思,53.42,-0.09,3094.0,16511669.0,0.75
300406,九强生物,11.73,-0.09,22111.0,25829306.03,0.52
002276,万马股份,10.65,-0.09,132183.0,140504773.3,1.31
300374,中铁装配,11.02,-0.09,17330.0,19114977.0,0.7
600754,锦江酒店,19.29,-0.1,117406.0,225730165.0,1.3
605300,佳禾食品,9.78,-0.1,15832.0,15469903.0,0.35
000993,闽东电力,10.28,-0.1,52940.0,54187442.99,1.16
300610,晨化股份,9.72,-0.1,15094.0,14683267.0,0.91
603708,家家悦,9.56,-0.1,18275.0,17376773.0,0.29
600178,东安动力,9.66,-0.1,38455.0,37186714.0,0.82
688621,阳光诺和,60.88,-0.1,11635.0,71232777.0,1.04
001217,华尔泰,9.84,-0.1,26310.0,25892096.0,0.8
600729,重百集团,20.68,-0.1,19639.0,40555578.0,1.02
300404,博济医药,9.95,-0.1,155554.0,155019468.28,5.45
605011,杭州热电,17.85,-0.11,31432.0,55763312.0,0.79
688793,倍轻松,17.5,-0.11,9781.0,17084791.0,1.15
603559,中通国脉,9.19,-0.11,159843.0,146744260.0,3.98
603202,天有为,54.27,-0.11,6760.0,36654914.0,1.35
603458,勘设股份,9.17,-0.11,105406.0,95816122.0,3.44
600817,宇通重工,9.32,-0.11,12776.0,11864087.0,0.24
605259,绿田机械,18.18,-0.11,2946.0,5329026.0,0.17
002679,福建金森,8.71,-0.11,14360.0,12556715.22,0.61
001338,永顺泰,8.82,-0.11,20791.0,18327003.0,0.41
601595,上海电影,18.3,-0.11,28494.0,52184961.0,0.64
600072,中船科技,9.07,-0.11,128240.0,116052300.0,1.18
001325,元创股份,36.13,-0.11,6069.0,21944883.46,3.1
002605,姚记科技,18.97,-0.11,36547.0,69215163.37,1.08
688098,申联生物,8.36,-0.12,12347.0,10301310.0,0.3
000528,柳    工,8.49,-0.12,154816.0,131566523.0,0.76
301058,中粮科工,8.27,-0.12,21433.0,17707578.0,0.42
600299,安迪苏,8.43,-0.12,198726.0,167400762.0,0.65
600059,古越龙山,8.15,-0.12,35660.0,28973673.0,0.39
300603,立昂技术,8.14,-0.12,74859.0,60946062.0,2.0
002860,星帅尔,16.72,-0.12,59520.0,99224559.0,1.73
689009,九号公司-WD,42.61,-0.12,64784.0,275501618.0,1.15
000798,中水渔业,8.06,-0.12,31662.0,25468332.0,0.87
002884,凌霄泵业,16.21,-0.12,8688.0,14047883.0,0.32
301272,英华特,33.15,-0.12,6122.0,20311466.72,1.65
603689,皖天然气,7.49,-0.13,19126.0,14318654.0,0.37
603229,奥翔药业,7.83,-0.13,31417.0,24496751.0,0.38
300411,金盾股份,7.44,-0.13,45032.0,33551523.92,1.46
603099,长白山,38.91,-0.13,31247.0,122080710.0,1.15
300804,广康生化,38.31,-0.13,4599.0,17590073.0,1.67
601117,中国化学,7.72,-0.13,389518.0,300461360.0,0.64
600021,上海电力,14.89,-0.13,246736.0,366404554.0,0.87
000791,甘肃能源,7.89,-0.13,130194.0,102568476.61,0.67
000617,中油资本,7.14,-0.14,393375.0,280092129.09,0.31
603105,芯能科技,7.3,-0.14,46643.0,33997946.0,0.93
603759,海天股份,7.29,-0.14,15726.0,11462915.0,0.34
603205,健尔康,21.05,-0.14,2707.0,5678237.0,0.65
600551,时代出版,7.02,-0.14,26663.0,18761590.0,0.39
600876,凯盛新能,6.99,-0.14,17110.0,11984499.0,0.43
300532,今天国际,7.13,-0.14,58668.0,41762949.66,0.97
688285,高铁电气,7.32,-0.14,11966.0,8776295.0,0.32
300633,开立医疗,20.77,-0.14,29307.0,60980815.6,1.13
002197,证通电子,7.21,-0.14,439398.0,316091817.6,8.23
600271,航天信息,7.07,-0.14,103074.0,72878521.0,0.56
603273,天元智能,14.09,-0.14,11489.0,16173682.0,2.05
600100,同方股份,7.22,-0.14,147545.0,106908897.0,0.44
600273,嘉化能源,6.94,-0.14,73300.0,50847317.0,0.56
002072,凯瑞德,7.2,-0.14,53256.0,38486322.0,1.45
002097,山河智能,7.37,-0.14,115663.0,85275920.66,1.08
688808,联讯仪器,1946.0,-0.14,13912.0,2642382382.0,7.21
601699,潞安环能,14.72,-0.14,152052.0,222789416.0,0.51
300746,汉嘉数智,13.96,-0.14,41890.0,58134497.21,1.87
600897,厦门空港,14.79,-0.14,7395.0,10916201.0,0.18
000430,张家界,6.56,-0.15,33715.0,22142336.0,0.91
300233,金城医药,13.23,-0.15,44539.0,58786151.5,1.2
002755,奥赛康,13.42,-0.15,35989.0,48246932.9,0.39
003016,欣贺股份,6.76,-0.15,16975.0,11473730.0,0.41
002098,浔兴股份,6.73,-0.15,15032.0,10134994.0,0.42
603871,嘉友国际,12.93,-0.15,57254.0,74456488.0,0.42
600987,航民股份,6.57,-0.15,35697.0,23381640.0,0.35
600872,中炬高新,19.8,-0.15,58161.0,114969333.0,0.75
000567,海德股份,6.24,-0.16,89791.0,56039993.5,0.46
688100,威胜信息,31.3,-0.16,20713.0,64709853.0,0.42
300144,宋城演艺,6.22,-0.16,166118.0,103358954.8,0.64
000019,深粮控股,6.1,-0.16,26880.0,16336566.7,0.65
002365,永安药业,12.75,-0.16,132460.0,167574666.0,5.4
301296,新巨丰,6.33,-0.16,15170.0,9583486.0,0.36
301583,托伦斯,153.69,-0.16,84243.0,1266034918.83,27.32
300008,天海防务,6.29,-0.16,273421.0,171705534.44,1.66
688468,科美诊断,6.15,-0.16,12990.0,7984552.0,0.32
002265,建设工业,19.29,-0.16,77396.0,148997722.24,0.75
603739,蔚蓝生物,11.55,-0.17,11718.0,13519974.0,0.46
603079,圣达生物,11.41,-0.17,11681.0,13353201.0,0.62
603111,康尼机电,5.8,-0.17,34526.0,19980394.0,0.41
001366,播恩集团,11.48,-0.17,20045.0,22942594.5,1.25
000565,渝三峡Ａ,5.9,-0.17,40013.0,23620000.03,0.92
300067,安诺其,5.75,-0.17,482074.0,275417417.61,5.14
603569,长久物流,5.82,-0.17,15108.0,8802191.0,0.25
601318,中国平安,53.84,-0.17,484101.0,2597115045.0,0.45
000713,国投丰乐,5.79,-0.17,21092.0,12190403.0,0.34
002705,新宝股份,11.61,-0.17,39704.0,45961219.71,0.49
300092,科新机电,11.56,-0.17,17808.0,20578875.0,0.85
000819,岳阳兴长,12.04,-0.17,25435.0,30504250.4,0.69
600731,湖南海利,5.82,-0.17,37890.0,22107928.0,0.7
600733,北汽蓝谷,5.92,-0.17,887605.0,526753023.0,1.47
000153,丰原药业,5.53,-0.18,43821.0,24184531.8,0.95
605077,华康股份,11.03,-0.18,20040.0,22031058.0,0.67
300169,天晟新材,5.5,-0.18,84428.0,46351419.0,2.8
603813,原尚股份,32.75,-0.18,3917.0,12864563.0,0.37
000906,浙商中拓,5.51,-0.18,36055.0,19778519.0,0.51
002274,华昌化工,5.53,-0.18,98501.0,54220534.64,1.05
603207,小方制药,22.54,-0.18,6761.0,15189481.0,1.24
603261,立航科技,49.76,-0.18,18703.0,92062883.0,2.41
300284,苏交科,5.55,-0.18,71938.0,40028811.5,0.6
301103,何氏眼科,16.2,-0.18,6853.0,11104287.52,0.56
300240,飞力达,5.59,-0.18,27568.0,15452176.0,0.76
603018,华设集团,5.4,-0.18,31986.0,17247013.0,0.39
002696,百洋股份,5.43,-0.18,28848.0,15701505.6,0.86
001260,坤泰股份,16.55,-0.18,7499.0,12523641.4,0.65
002030,达安基因,5.56,-0.18,103361.0,57234679.14,0.74
601238,广汽集团,5.39,-0.19,132667.0,71538419.0,0.18
603385,惠达卫浴,5.21,-0.19,14347.0,7460586.0,0.38
000633,合金投资,5.15,-0.19,37876.0,19526822.0,0.98
301601,惠通科技,15.89,-0.19,14372.0,22850299.0,1.7
002724,海洋王,5.35,-0.19,30534.0,16328842.0,0.54
002381,双箭股份,5.34,-0.19,29098.0,15542954.0,0.9
601686,友发集团,5.25,-0.19,28720.0,15036563.0,0.19
600478,科力远,5.13,-0.19,140795.0,72079104.0,0.83
600151,航天机电,10.33,-0.19,151432.0,156761725.0,1.06
002391,长青股份,5.25,-0.19,35301.0,18520927.0,0.76
002022,科华生物,5.22,-0.19,36378.0,19036188.08,0.71
600573,惠泉啤酒,9.76,-0.2,39025.0,38047148.0,1.56
300979,华利集团,34.1,-0.2,17477.0,59073997.4,0.15
000521,长虹美菱,5.0,-0.2,39752.0,19851761.01,0.45
000888,峨眉山Ａ,9.74,-0.2,39791.0,38735675.0,0.76
300628,亿联网络,39.57,-0.2,91270.0,357849065.72,1.26
603092,德力佳,50.9,-0.2,9019.0,45624239.0,2.61
002909,集泰股份,4.99,-0.2,29124.0,14599953.0,0.77
603218,日月股份,10.2,-0.2,48879.0,49854835.0,0.48
000570,苏常柴Ａ,5.0,-0.2,46469.0,23223039.0,0.84
300006,莱美药业,5.07,-0.2,117583.0,59566467.95,1.11
002438,江苏神通,14.47,-0.21,189231.0,269367739.36,4.04
002094,青岛金王,4.79,-0.21,118349.0,56646932.0,1.71
002712,思美传媒,4.84,-0.21,112250.0,54437369.5,2.08
002702,海欣食品,4.85,-0.21,462186.0,223193153.64,10.08
000753,漳州发展,4.84,-0.21,102349.0,49494000.0,1.03
000886,海南高速,4.67,-0.21,72452.0,33763748.0,0.74
000166,申万宏源,4.66,-0.21,394069.0,183479718.95,0.17
600862,中航高科,18.57,-0.21,87838.0,162459474.0,0.63
600149,廊坊发展,4.79,-0.21,38072.0,18265825.0,1.0
301049,超越科技,19.15,-0.21,6499.0,12501504.0,1.52
600395,盘江股份,4.86,-0.21,100611.0,48951264.0,0.47
300463,迈克生物,9.21,-0.22,38032.0,34963694.0,0.77
688638,誉辰智能,32.02,-0.22,4290.0,13775959.0,1.62
600655,豫园股份,4.63,-0.22,59937.0,27742591.0,0.15
688223,晶科能源,4.54,-0.22,473131.0,214228730.0,0.46
301515,港通医疗,18.22,-0.22,7668.0,14038634.0,1.14
603696,安记食品,13.31,-0.22,205995.0,272556812.0,8.76
603113,金能科技,4.5,-0.22,48551.0,21848510.0,0.57
000059,华锦股份,4.54,-0.22,94438.0,42764704.0,0.59
600444,国机通用,13.32,-0.22,12650.0,16886399.0,0.86
601218,吉鑫科技,4.64,-0.22,197287.0,91310443.0,2.04
600526,菲达环保,4.43,-0.23,42230.0,18647897.0,0.48
601890,亚星锚链,8.59,-0.23,99299.0,84996168.0,1.04
600279,重庆港,4.29,-0.23,42669.0,18272376.0,0.36
600648,外高桥,8.86,-0.23,11953.0,10577457.0,0.11
002588,史丹利,8.77,-0.23,70793.0,61919851.72,0.82
600316,洪都航空,25.67,-0.23,46124.0,118174584.0,0.64
605567,春雪食品,8.78,-0.23,22334.0,19661471.0,1.12
002043,兔 宝 宝,12.85,-0.23,46967.0,60247737.88,0.58
301116,益客食品,8.85,-0.23,22361.0,19845869.0,0.5
601100,恒立液压,106.06,-0.23,34076.0,359481855.0,0.25
002966,苏州银行,8.28,-0.24,216178.0,179132130.4,0.49
601827,三峰环境,8.39,-0.24,41027.0,34529678.0,0.25
001238,浙江正特,25.4,-0.24,1543.0,3926567.6,0.11
300675,建科院,12.45,-0.24,12502.0,15610113.0,0.85
600643,爱建集团,4.1,-0.24,48883.0,20084503.0,0.31
603049,中策橡胶,49.37,-0.24,14258.0,70214093.0,0.28
000682,东方电子,12.53,-0.24,131176.0,163714318.11,0.98
601886,江河集团,8.36,-0.24,27352.0,22792827.0,0.24
300230,永利股份,4.23,-0.24,55175.0,23325287.0,0.88
300815,玉禾田,16.61,-0.24,41714.0,69224343.84,1.07
000789,万年青,4.09,-0.24,19558.0,7977553.5,0.25
000012,南  玻Ａ,3.94,-0.25,143872.0,56430982.37,0.73
600851,海欣股份,7.99,-0.25,44945.0,35980774.0,0.61
002462,嘉事堂,11.9,-0.25,17373.0,20613410.0,0.6
600960,渤海汽车,3.99,-0.25,49469.0,19714068.0,0.52
300622,博士眼镜,16.07,-0.25,99269.0,159127103.72,4.55
002623,亚玛顿,16.18,-0.25,31979.0,51540796.0,1.66
603188,亚邦股份,4.02,-0.25,41965.0,16941019.0,0.74
603071,物产环能,11.97,-0.25,16730.0,20076053.0,0.3
603518,锦泓集团,7.96,-0.25,32210.0,25741022.0,0.94
688075,安旭生物,28.25,-0.25,4028.0,11331381.0,0.32
002533,金杯电工,11.75,-0.25,73156.0,85679414.26,1.13
600706,曲江文旅,7.64,-0.26,31660.0,24384414.0,1.25
600495,晋西车轴,3.85,-0.26,42206.0,16223759.0,0.35
000778,新兴铸管,3.87,-0.26,327190.0,126026516.4,0.84
000757,浩物股份,3.82,-0.26,87330.0,33417462.0,1.64
600064,南京高科,7.78,-0.26,86418.0,67266216.0,0.5
688349,三一重能,15.22,-0.26,48928.0,74323878.0,0.31
688276,百克生物,15.14,-0.26,7718.0,11715289.0,0.19
601919,中远海控,15.32,-0.26,544195.0,832234871.0,0.43
002641,公元股份,3.9,-0.26,43529.0,16969563.0,0.38
688289,圣湘生物,15.45,-0.26,21285.0,32859039.0,0.37
688563,航材股份,52.85,-0.26,11951.0,63047930.0,0.88
001236,弘业期货,7.7,-0.26,50556.0,38981704.0,0.67
002671,龙泉股份,3.82,-0.26,57884.0,22197918.0,1.05
603194,中力股份,35.13,-0.26,6536.0,22980164.0,0.41
002042,华孚时尚,3.89,-0.26,178166.0,69258877.0,1.05
603317,天味食品,14.89,-0.27,78663.0,117397914.0,0.74
003006,百亚股份,14.71,-0.27,20583.0,30161246.0,0.48
000868,安凯客车,3.63,-0.27,43644.0,15924413.64,0.46
002761,浙江建投,7.36,-0.27,62740.0,46043297.82,0.58
300888,稳健医疗,29.8,-0.27,23602.0,70044495.6,0.41
001386,马可波罗,14.98,-0.27,19428.0,29076496.45,1.81
601016,节能风电,3.66,-0.27,734842.0,267771046.0,1.22
688389,普门科技,10.9,-0.27,8173.0,8892429.0,0.19
601921,浙版传媒,7.34,-0.27,36447.0,26779337.0,0.16
300653,正海生物,14.68,-0.27,7968.0,11743228.0,0.44
300194,福安药业,3.74,-0.27,91716.0,34209993.0,0.95
000637,茂化实华,3.74,-0.27,44027.0,16592775.0,1.21
002511,中顺洁柔,7.35,-0.27,65758.0,48151320.0,0.52
300074,华平股份,3.69,-0.27,136622.0,50627479.6,2.48
000557,西部创业,3.71,-0.27,42030.0,15544797.0,0.29
603987,康德莱,7.35,-0.27,18348.0,13498640.0,0.42
002233,塔牌集团,7.42,-0.27,68394.0,50635184.0,0.58
300621,维业股份,7.09,-0.28,26427.0,18750037.0,1.3
603668,天马科技,10.56,-0.28,53097.0,55702488.0,1.05
300148,天舟文化,3.54,-0.28,146041.0,51710936.0,1.79
601236,红塔证券,7.11,-0.28,94271.0,67074646.0,0.2
300001,特锐德,36.14,-0.28,108454.0,388260338.9,1.05
600792,云煤能源,3.54,-0.28,84367.0,29817284.0,0.76
002393,力生制药,14.49,-0.28,13276.0,19169478.1,0.44
600610,中毅达,7.05,-0.28,87748.0,62034957.0,1.24
301498,乖宝宠物,43.04,-0.28,52711.0,227867470.67,2.94
600138,中青旅,7.14,-0.28,41435.0,29573835.0,0.57
001213,中铁特货,3.56,-0.28,42069.0,14947641.0,0.09
600327,大东方,3.62,-0.28,38236.0,13874905.0,0.43
688212,澳华内镜,27.32,-0.29,8338.0,22852037.0,0.62
603013,亚普股份,17.09,-0.29,16710.0,28527339.0,0.33
603970,中农立华,10.31,-0.29,11293.0,11639959.0,0.42
603818,曲美家居,3.41,-0.29,79690.0,27157475.0,1.16
600035,楚天高速,3.49,-0.29,87754.0,30568995.0,0.55
002531,天顺风能,6.9,-0.29,261879.0,181432752.28,1.47
600197,伊力特,10.41,-0.29,43832.0,45604270.0,0.93
301001,凯淳股份,23.75,-0.29,11718.0,28054960.0,2.33
002037,保利联合,6.83,-0.29,47487.0,32528239.26,0.98
300388,节能国祯,6.83,-0.29,46721.0,31804508.0,0.69
600617,国新能源,3.4,-0.29,354008.0,119883796.0,1.99
002003,伟星股份,10.37,-0.29,84174.0,87463864.46,0.82
600618,氯碱化工,10.45,-0.29,32645.0,34082822.0,0.44
002412,汉森制药,6.99,-0.29,154407.0,107285609.46,3.1
603599,广信股份,10.46,-0.29,65027.0,67683070.0,0.71
000090,天健集团,3.36,-0.3,75153.0,25125361.28,0.4
300132,青松股份,6.62,-0.3,120513.0,79370791.63,2.37
000089,深圳机场,6.66,-0.3,90649.0,60295491.62,0.44
301558,三态股份,6.71,-0.3,34971.0,23508828.1,1.59
603087,甘李药业,69.79,-0.3,58457.0,409089596.0,1.04
301206,三元生物,23.62,-0.3,6977.0,16431240.0,0.54
002611,东方精工,16.54,-0.3,186548.0,309182948.62,1.86
600814,杭州解百,6.66,-0.3,30188.0,20142761.0,0.41
688739,成大生物,20.2,-0.3,6518.0,13152697.0,0.16
300796,贝斯美,6.59,-0.3,20996.0,13813474.44,0.58
002698,博实股份,13.22,-0.3,97522.0,129255999.0,1.16
600386,北巴传媒,3.33,-0.3,38195.0,12756891.0,0.47
603968,醋化股份,9.96,-0.3,12319.0,12288242.0,0.6
601007,金陵饭店,6.56,-0.3,26306.0,17288813.0,0.67
600609,金杯汽车,3.35,-0.3,75765.0,25445255.0,0.58
600708,光明地产,3.27,-0.3,107295.0,35138692.0,0.48
601399,国机重装,3.36,-0.3,408978.0,137596455.0,0.57
301267,华厦眼科,16.46,-0.3,20219.0,33301379.0,0.31
600496,精工钢构,3.32,-0.3,120108.0,39936332.0,0.6
002523,天桥起重,3.32,-0.3,102697.0,34116363.0,0.73
603336,宏辉果蔬,10.0,-0.3,278314.0,271138407.0,4.57
000881,中广核技,6.58,-0.3,54193.0,35580903.0,0.6
603298,杭叉集团,27.02,-0.3,37057.0,99875172.0,0.28
603980,吉华集团,6.73,-0.3,179459.0,120494068.0,2.65
605339,南侨食品,13.36,-0.3,18900.0,25439786.0,0.45
605108,同庆楼,12.72,-0.31,22416.0,28534763.0,0.86
601908,京运通,3.17,-0.31,180668.0,57087429.0,0.75
002327,富安娜,6.5,-0.31,19348.0,12554116.72,0.39
600882,妙可蓝多,22.21,-0.31,54064.0,119882878.0,1.06
603887,城地香江,9.51,-0.31,107067.0,101934202.0,1.78
002662,峰璟股份,3.22,-0.31,49564.0,15962775.0,0.33
601933,永辉超市,3.26,-0.31,973181.0,317469892.0,1.09
600587,新华医疗,12.92,-0.31,26170.0,33741452.0,0.43
301551,无线传媒,21.59,-0.32,34306.0,74035487.0,2.22
601226,华电科工,6.3,-0.32,50222.0,31618882.0,0.43
002991,甘源食品,43.05,-0.32,5056.0,21790988.0,1.01
002228,合兴包装,3.12,-0.32,72300.0,22612906.0,0.6
000563,陕国投Ａ,3.07,-0.32,187908.0,57731133.4,0.37
601228,广州港,3.09,-0.32,113568.0,35111447.0,0.15
000965,天保基建,3.16,-0.32,58553.0,18472648.0,0.53
001219,青岛食品,12.39,-0.32,12066.0,14939552.52,0.63
300360,炬华科技,12.65,-0.32,31044.0,39095426.0,0.62
600103,青山纸业,3.07,-0.32,1129252.0,344565020.0,5.1
000729,燕京啤酒,12.65,-0.32,172154.0,217168673.0,0.69
000739,普洛药业,22.05,-0.32,319255.0,709560428.66,2.76
601665,齐鲁银行,6.15,-0.32,263704.0,162677826.0,0.43
002508,老板电器,15.76,-0.32,52175.0,81870543.03,0.56
300625,三雄极光,9.29,-0.32,6190.0,5758204.0,0.38
603187,海容冷链,12.04,-0.33,42699.0,51247782.0,1.12
002753,永东股份,6.09,-0.33,11404.0,6968906.25,0.39
600216,浙江医药,12.15,-0.33,77018.0,93438529.0,0.81
300111,向日葵,2.99,-0.33,196377.0,58705093.0,1.53
603357,设计总院,6.07,-0.33,22738.0,13807215.0,0.41
002186,全 聚 德,9.2,-0.33,19001.0,17552367.0,0.62
300500,启迪设计,9.11,-0.33,13424.0,12264026.0,0.8
002746,仙坛股份,6.13,-0.33,86758.0,52909771.0,1.22
300957,贝泰妮,33.68,-0.33,61725.0,207178771.92,1.47
002864,盘龙药业,21.17,-0.33,16148.0,34055278.3,1.64
603511,爱慕股份,11.92,-0.33,5640.0,6712492.0,0.14
300357,我武生物,24.2,-0.33,56257.0,135557222.51,1.16
601999,出版传媒,6.01,-0.33,22881.0,13762042.0,0.42
000531,穗恒运Ａ,5.97,-0.33,65352.0,38999257.38,0.72
600628,新世界,6.07,-0.33,35475.0,21509572.0,0.55
688313,仕佳光子,113.32,-0.33,257524.0,2859850299.0,5.7
603167,渤海轮渡,8.78,-0.34,20423.0,17947972.0,0.44
688670,金迪克,14.84,-0.34,9582.0,14343607.0,0.78
002546,新联电子,8.78,-0.34,249797.0,217795478.37,3.12
002583,海能达,8.69,-0.34,171810.0,149361337.75,1.34
300355,蒙草生态,2.97,-0.34,131671.0,38957848.24,0.96
301166,优宁维,26.54,-0.34,5388.0,14347818.0,0.95
600755,厦门国贸,5.79,-0.34,84141.0,48649507.0,0.39
605388,均瑶健康,5.94,-0.34,255645.0,151283062.0,4.26
603836,海程邦达,8.7,-0.34,17371.0,15074608.0,0.62
000631,顺发恒能,2.93,-0.34,68791.0,20083433.0,0.3
000526,学大教育,34.98,-0.34,32477.0,114307606.0,2.67
300753,爱朋医疗,23.55,-0.34,108381.0,254303236.37,12.33
688236,春立医疗,14.82,-0.34,12282.0,18148914.0,0.43
002572,索菲亚,8.49,-0.35,57435.0,48667559.0,0.88
600782,新钢股份,2.88,-0.35,179450.0,51474255.0,0.57
600127,金健米业,5.62,-0.35,55172.0,30951983.0,0.86
605138,盛泰集团,5.63,-0.35,22163.0,12494229.0,0.4
000505,京粮控股,5.62,-0.35,43960.0,24603598.0,0.7
600682,南京新百,5.63,-0.35,74160.0,41775311.0,0.64
000839,国安股份,2.86,-0.35,993520.0,280308970.5,2.53
300595,欧普康视,11.46,-0.35,45517.0,52187715.0,0.68
000068,华控赛格,2.87,-0.35,61677.0,17786905.6,0.61
300185,通裕重工,2.87,-0.35,445927.0,127408829.0,1.16
600313,农发种业,5.66,-0.35,108152.0,61167114.0,1.0
001220,世盟股份,30.3,-0.36,5188.0,15745927.34,2.25
603248,锡华科技,19.27,-0.36,19560.0,37716194.0,2.74
600125,铁龙物流,5.53,-0.36,48156.0,26578282.0,0.37
600874,创业环保,5.56,-0.36,42496.0,23540846.0,0.35
600303,曙光股份,2.76,-0.36,147182.0,40903223.0,2.17
601199,江南水务,5.59,-0.36,103349.0,58017539.0,1.11
002489,浙江永强,2.76,-0.36,83725.0,23131922.5,0.44
000862,银星能源,5.61,-0.36,177713.0,99636596.0,2.83
300094,国联水产,2.8,-0.36,173252.0,48599316.79,1.57
000998,隆平高科,8.34,-0.36,77844.0,64770907.0,0.59
300009,安科生物,8.36,-0.36,79287.0,66189490.0,0.64
688303,大全能源,19.19,-0.36,70269.0,134467070.0,0.33
002415,海康威视,38.49,-0.36,479159.0,1841903001.8,0.53
600067,冠城新材,2.76,-0.36,77188.0,21427078.0,0.55
002526,山东矿机,2.69,-0.37,108397.0,29191004.56,0.61
600272,开开实业,10.75,-0.37,12338.0,13253930.0,0.77
603128,华贸物流,5.33,-0.37,54980.0,29211216.0,0.42
002204,大连重工,5.43,-0.37,117748.0,63735563.0,0.61
600256,广汇能源,5.37,-0.37,649013.0,348658021.0,1.02
002187,广百股份,5.35,-0.37,58331.0,31162454.0,0.83
603193,润本股份,21.32,-0.37,14126.0,30171753.0,1.37
600971,恒源煤电,7.88,-0.38,67468.0,52970384.0,0.56
002758,浙农股份,7.88,-0.38,19846.0,15638882.0,0.38
000856,冀东装备,7.88,-0.38,24803.0,19601310.0,1.09
601163,三角轮胎,13.27,-0.38,20397.0,27050951.0,0.25
601225,陕西煤业,23.83,-0.38,267837.0,632619527.0,0.28
601012,隆基绿能,13.02,-0.38,671522.0,870790935.0,0.89
688565,力源科技,10.43,-0.38,10248.0,10705980.0,0.68
300712,永福股份,21.25,-0.38,9277.0,19733337.0,0.5
002139,拓邦股份,10.48,-0.38,116839.0,122234114.39,1.09
002121,科陆电子,5.31,-0.38,155833.0,82623021.4,1.1
600426,华鲁恒升,20.94,-0.38,250740.0,524479023.0,0.91
603102,百合股份,34.0,-0.38,2673.0,9087179.0,0.42
601868,中国能建,2.62,-0.38,1812749.0,474369617.0,0.56
002707,众信旅游,5.19,-0.38,77325.0,40211226.2,0.89
002690,美亚光电,15.56,-0.38,29458.0,45864611.62,0.68
300838,浙江力诺,13.2,-0.38,17965.0,23713653.06,1.77
601512,中新集团,7.85,-0.38,19398.0,15210177.0,0.13
688036,传音控股,57.61,-0.38,108595.0,624826522.0,0.94
603284,林平发展,38.93,-0.38,7175.0,27893718.0,3.88
300824,北鼎股份,7.77,-0.38,16190.0,12603785.0,0.51
002540,亚太科技,5.2,-0.38,44000.0,22819245.35,0.51
301078,孩子王,7.57,-0.39,93881.0,71255497.9,0.74
600315,上海家化,17.73,-0.39,64885.0,114399017.0,0.97
000498,山东路桥,5.08,-0.39,50471.0,25585602.0,0.35
002408,齐翔腾达,5.08,-0.39,152522.0,77531987.11,0.55
002454,松芝股份,5.07,-0.39,47490.0,24176756.3,0.54
600742,富维股份,7.59,-0.39,32310.0,24554123.0,0.43
600257,大湖股份,5.15,-0.39,90522.0,46840283.0,1.88
002310,东方新能,2.54,-0.39,954286.0,240656724.39,2.17
000552,甘肃能化,2.56,-0.39,317185.0,80954700.0,0.85
002675,东诚药业,12.84,-0.39,26490.0,34038163.26,0.36
300143,盈康生命,7.53,-0.4,51830.0,38999302.15,0.62
300569,天能重工,4.93,-0.4,102028.0,50216128.09,1.0
600807,济高发展,2.5,-0.4,53408.0,13403942.0,0.68
002608,江苏国信,7.42,-0.4,167478.0,123927425.0,0.44
300314,戴维医疗,10.05,-0.4,14059.0,14064418.0,0.98
600691,潞化科技,2.46,-0.4,117167.0,28784935.0,0.49
605009,豪悦护理,24.13,-0.41,6063.0,14565872.0,0.28
605577,龙版传媒,9.71,-0.41,16953.0,16512504.0,0.38
002035,华帝股份,4.85,-0.41,42908.0,20793697.0,0.55
603101,汇嘉时代,7.29,-0.41,52773.0,38352936.0,1.12
000419,通程控股,4.88,-0.41,41321.0,20276550.0,0.76
600833,第一医药,9.82,-0.41,25746.0,25310306.0,1.15
603868,飞科电器,31.25,-0.41,3647.0,11349214.0,0.08
600031,三一重工,19.45,-0.41,498810.0,970974168.0,0.59
002535,林州重机,2.42,-0.41,70742.0,17176250.9,0.95
601866,中远海发,2.44,-0.41,391252.0,95204990.0,0.4
002857,三晖电气,16.61,-0.42,15055.0,25049017.0,1.17
688606,奥泰生物,44.89,-0.42,2204.0,9891826.0,0.28
300999,金龙鱼,26.3,-0.42,47017.0,123584140.96,0.87
600858,银座股份,4.77,-0.42,42154.0,20196003.0,0.81
001222,源飞宠物,14.17,-0.42,22525.0,32010151.0,1.99
002005,德豪润达,2.36,-0.42,104805.0,24614703.0,0.6
601200,上海环境,7.12,-0.42,34171.0,24311124.0,0.25
600679,上海凤凰,9.55,-0.42,10947.0,10474311.0,0.32
000058,深 赛 格,6.9,-0.43,46393.0,32084407.67,0.47
002423,中粮资本,9.22,-0.43,81485.0,75116361.66,0.35
688151,华强科技,16.21,-0.43,26083.0,42071280.0,0.76
301303,真兰仪表,13.76,-0.43,30560.0,42087330.04,2.99
002622,皓宸医疗,2.32,-0.43,127675.0,29919695.5,1.52
002697,红旗连锁,4.65,-0.43,94785.0,44054859.0,0.83
301456,盘古智能,23.14,-0.43,9824.0,22749170.22,1.43
300383,光环新网,14.04,-0.43,693236.0,970012422.2,3.86
603213,镇洋发展,13.83,-0.43,9223.0,12737874.0,0.21
000525,红太阳,4.62,-0.43,142966.0,65678159.22,1.29
002419,天虹股份,4.59,-0.43,51214.0,23519177.0,0.45
688575,亚辉龙,9.3,-0.43,42454.0,39361383.0,0.74
300512,中亚股份,6.97,-0.43,22257.0,15577380.5,0.69
000727,冠捷科技,2.29,-0.43,272038.0,62344051.0,0.6
000619,海螺新材,4.63,-0.43,30322.0,14074014.0,0.84
000759,中百集团,6.88,-0.43,477195.0,326371416.0,7.28
600935,华塑股份,2.3,-0.43,60317.0,13897370.0,0.17
002178,延华智能,4.62,-0.43,99864.0,46239726.0,1.4
002529,海源复材,6.89,-0.43,27896.0,19338684.0,1.07
002200,交投生态,6.93,-0.43,18620.0,12902908.0,0.95
301009,可靠股份,8.96,-0.44,12882.0,11555996.0,0.85
002629,仁智股份,4.57,-0.44,48966.0,22443988.0,1.35
600117,西宁特钢,2.28,-0.44,90739.0,20680302.0,0.28
605080,浙江自然,20.14,-0.44,8792.0,17695793.0,0.63
601390,中国中铁,4.5,-0.44,664984.0,298339743.0,0.33
002140,东华科技,9.09,-0.44,36777.0,33371527.0,0.52
002242,九阳股份,9.11,-0.44,55210.0,50203931.52,0.72
000848,承德露露,9.0,-0.44,89282.0,80369793.74,0.88
000031,大悦城,2.23,-0.45,163177.0,36227805.0,0.38
600153,建发股份,8.81,-0.45,82144.0,72515862.0,0.28
002561,徐家汇,6.68,-0.45,19232.0,12843513.0,0.46
300015,爱尔眼科,8.9,-0.45,474285.0,422124682.72,0.6
300439,美康生物,8.79,-0.45,15967.0,14020682.28,0.55
300718,长盛轴承,66.07,-0.45,72248.0,473888002.71,3.67
600698,湖南天雁,6.64,-0.45,120469.0,79868687.0,1.45
002229,鸿博股份,11.01,-0.45,347854.0,384093466.36,7.05
601298,青岛港,8.9,-0.45,60479.0,53753729.0,0.11
600585,海螺水泥,17.72,-0.45,208876.0,368617996.0,0.53
000030,富奥股份,4.29,-0.46,44306.0,19072138.0,0.27
002568,百润股份,19.52,-0.46,140752.0,275738255.28,1.85
300908,仲景食品,23.95,-0.46,6981.0,16667606.9,0.57
600925,苏能股份,4.3,-0.46,40559.0,17456211.0,0.25
002848,高斯贝尔,12.87,-0.46,50515.0,64358533.0,3.05
001356,富岭股份,8.71,-0.46,15113.0,13172860.0,0.71
002907,华森制药,13.1,-0.46,18017.0,23563273.0,0.54
000869,张  裕Ａ,17.47,-0.46,7353.0,12824378.0,0.16
603277,银都股份,10.78,-0.46,9399.0,10193865.0,0.15
301370,国科恒泰,8.72,-0.46,19148.0,16674212.0,0.41
301449,天溯计量,38.66,-0.46,14702.0,56596417.4,7.16
000589,贵州轮胎,4.35,-0.46,140482.0,60865692.2,0.91
002749,国光股份,8.67,-0.46,15232.0,13189223.0,0.28
000919,金陵药业,6.33,-0.47,58216.0,36788894.3,0.94
600099,林海股份,8.52,-0.47,14842.0,12710094.0,0.68
600320,振华重工,4.27,-0.47,301670.0,128101775.0,0.91
600328,中盐化工,6.41,-0.47,75320.0,48227985.0,0.51
002959,小熊电器,34.19,-0.47,5588.0,19081487.5,0.4
002244,滨江集团,8.48,-0.47,168122.0,141919177.2,0.61
300412,迦南科技,4.24,-0.47,76732.0,32579967.6,1.64
002314,南山控股,2.11,-0.47,121144.0,25617730.24,0.91
603262,技源集团,19.11,-0.47,45909.0,87134109.0,4.4
000333,美的集团,84.74,-0.47,148343.0,1257364808.5,0.22
600903,贵州燃气,6.38,-0.47,122688.0,78298167.0,1.05
000425,徐工机械,8.4,-0.47,631031.0,530294909.2,0.7
600620,天宸股份,4.22,-0.47,24519.0,10389257.0,0.36
603012,创力集团,8.46,-0.47,98757.0,83383126.0,1.53
300107,建新股份,6.36,-0.47,48704.0,30962473.0,1.4
002517,恺英网络,18.49,-0.48,737454.0,1359961358.66,3.9
603566,普莱柯,10.37,-0.48,30117.0,31159082.0,0.87
600348,华阳股份,8.38,-0.48,161142.0,135064475.0,0.45
600097,开创国际,8.24,-0.48,14860.0,12285258.0,0.62
603022,新通联,8.36,-0.48,19676.0,16543146.0,0.98
301332,德尔玛,8.38,-0.48,30761.0,25777504.5,1.16
600369,西南证券,4.19,-0.48,179387.0,75218209.0,0.27
002292,奥飞娱乐,8.3,-0.48,360813.0,299794681.27,3.54
002949,华阳国际,10.34,-0.48,12712.0,13200096.1,0.84
002481,双塔食品,4.16,-0.48,37223.0,15492390.0,0.33
002351,漫步者,10.4,-0.48,39572.0,41186568.94,0.76
002034,旺能环境,14.37,-0.48,55446.0,79352146.65,1.08
600007,中国国贸,18.51,-0.48,16723.0,30918036.0,0.17
600546,山煤国际,12.25,-0.49,101113.0,123498768.0,0.51
600398,海澜之家,6.1,-0.49,214555.0,131115214.0,0.45
600741,华域汽车,16.1,-0.49,80389.0,129367033.0,0.25
603126,中材节能,6.05,-0.49,43843.0,26536176.0,0.72
002398,垒知集团,4.06,-0.49,62112.0,25296487.0,1.04
002253,川大智胜,10.07,-0.49,46384.0,46494169.0,2.21
600979,广安爱众,4.05,-0.49,147462.0,59656796.0,1.19
688429,时创能源,10.16,-0.49,7556.0,7673622.0,0.19
601003,柳钢股份,3.96,-0.5,284209.0,111984896.0,1.11
600354,敦煌种业,5.94,-0.5,146576.0,87029391.0,2.78
000726,鲁  泰Ａ,5.94,-0.5,29611.0,17578981.65,0.5
603195,公牛集团,41.64,-0.5,28027.0,116306676.0,0.16
600873,梅花生物,7.96,-0.5,155405.0,123285575.0,0.55
002278,神开股份,7.95,-0.5,47843.0,37997569.0,1.33
002469,三维化学,5.84,-0.51,24130.0,14107842.0,0.38
600060,海信视像,27.16,-0.51,59771.0,162109043.0,0.46
603329,上海雅仕,9.83,-0.51,18506.0,18251214.0,0.9
002221,东华能源,5.7,-0.52,98942.0,56450977.0,0.68
002096,易普力,9.51,-0.52,31463.0,29896211.0,0.25
000877,天山股份,3.81,-0.52,67060.0,25480714.0,0.09
002648,卫星化学,25.07,-0.52,359629.0,894748090.54,1.07
002330,得利斯,3.83,-0.52,40368.0,15525000.0,0.64
002038,双鹭药业,5.73,-0.52,148206.0,85277523.0,1.74
300247,融捷健康,3.86,-0.52,39206.0,15150967.0,0.49
300324,旋极信息,3.86,-0.52,281421.0,108853493.98,1.65
000625,长安汽车,7.58,-0.52,538469.0,408696240.29,0.65
600020,中原高速,3.85,-0.52,57521.0,22106984.0,0.26
688768,容知日新,46.12,-0.52,4199.0,19424557.0,0.48
600989,宝丰能源,22.97,-0.52,502045.0,1135558191.0,0.68
688466,金科环境,13.48,-0.52,5877.0,7924334.0,0.48
600268,国电南自,11.53,-0.52,139070.0,159999618.0,1.37
603227,雪峰科技,7.71,-0.52,47068.0,36384294.0,0.44
000932,华菱钢铁,3.86,-0.52,525251.0,202154920.0,0.77
300896,爱美客,104.39,-0.53,30371.0,316784181.99,1.49
002950,奥美医疗,9.32,-0.53,36443.0,33906758.0,0.85
000028,国药一致,20.72,-0.53,20359.0,42038528.72,0.39
000900,现代投资,3.73,-0.53,60784.0,22651967.0,0.4
603711,香飘飘,11.28,-0.53,55146.0,62807259.0,1.34
000718,苏宁环球,1.89,-0.53,93633.0,17670345.0,0.41
603091,众鑫股份,48.59,-0.53,4907.0,23964195.0,1.11
600148,长春一东,15.07,-0.53,8183.0,12383597.0,0.58
002344,海宁皮城,3.76,-0.53,36908.0,13884630.24,0.29
002661,克明食品,7.54,-0.53,14408.0,10860241.0,0.47
600887,伊利股份,26.23,-0.53,303441.0,795658465.0,0.48
300140,节能环境,5.55,-0.54,64517.0,35895154.0,0.21
300856,科思股份,11.14,-0.54,23800.0,26572389.8,0.52
002339,积成电子,7.39,-0.54,107958.0,79636742.0,2.26
600211,西藏药业,38.89,-0.54,15342.0,59623909.0,0.48
603096,新经典,14.71,-0.54,13211.0,19634355.0,0.86
300451,创业慧康,3.68,-0.54,241357.0,89523906.3,1.58
600668,尖峰集团,7.33,-0.54,25965.0,19020222.0,0.63
002742,冀衡医药,3.7,-0.54,72798.0,26901019.5,1.39
600235,民丰特纸,5.48,-0.54,27115.0,14874398.0,0.77
002728,特一药业,9.19,-0.54,100451.0,92191523.84,2.0
000607,华媒控股,3.68,-0.54,151534.0,56021437.0,1.71
001373,翔腾新材,26.92,-0.55,9829.0,26487037.0,2.34
688196,卓越新能,34.47,-0.55,7667.0,26379019.0,0.6
000401,金隅冀东,3.63,-0.55,48845.0,17667878.0,0.19
601838,成都银行,17.97,-0.55,101764.0,182849815.0,0.24
601330,绿色动力,7.25,-0.55,56458.0,40775750.0,0.57
600797,浙大网新,7.28,-0.55,341069.0,249039880.0,3.32
002818,富森美,10.84,-0.55,23414.0,25349531.0,0.78
688825,长鑫科技,54.7,-0.55,3765602.0,20539438451.0,8.36
000777,中核科技,18.15,-0.55,77241.0,140059108.11,2.01
605089,味知香,20.0,-0.55,6968.0,13939563.0,0.5
002101,广东鸿图,9.02,-0.55,30377.0,27390453.0,0.46
000875,电投绿能,5.36,-0.56,224113.0,120037260.5,0.67
002078,太阳纸业,14.11,-0.56,79853.0,112937489.0,0.29
300515,三德科技,15.85,-0.56,35750.0,56378776.0,1.77
000788,北大医药,5.28,-0.56,68392.0,36060904.48,1.15
000897,津滨发展,1.76,-0.56,133934.0,23537459.8,0.83
600740,山西焦化,3.56,-0.56,140140.0,49936766.0,0.55
600928,西安银行,3.58,-0.56,109218.0,39172891.0,0.25
002333,罗普斯金,5.3,-0.56,44034.0,23527433.0,0.66
600038,中直股份,26.67,-0.56,34132.0,91130241.0,0.51
601888,中国中免,56.5,-0.56,207701.0,1171550464.0,1.06
300072,海新能科,3.54,-0.56,124307.0,44113543.02,0.53
600848,上海临港,8.83,-0.56,51826.0,45836718.0,0.22
000652,泰达股份,3.54,-0.56,49147.0,17426066.84,0.34
688278,特宝生物,57.24,-0.56,15126.0,86596743.0,0.37
002397,梦洁股份,3.52,-0.56,79905.0,28164156.0,1.23
603168,莎普爱思,5.35,-0.56,40358.0,21610696.0,1.08
002298,中电鑫龙,8.73,-0.57,394749.0,341678884.02,5.97
002224,三 力 士,3.49,-0.57,44832.0,15687223.0,0.56
600305,恒顺醋业,6.98,-0.57,35814.0,24990151.0,0.32
688314,康拓医疗,33.12,-0.57,8426.0,27867984.0,1.03
000735,罗 牛 山,5.25,-0.57,148574.0,78016993.28,1.29
600550,保变电气,12.18,-0.57,317531.0,383559370.0,1.72
300813,泰林生物,19.19,-0.57,16134.0,31063512.0,2.12
002594,比亚迪,90.63,-0.57,383008.0,3451453983.65,1.1
600684,珠江股份,3.48,-0.57,68390.0,23765912.0,0.8
688616,西力科技,10.44,-0.57,9841.0,10297097.0,0.55
600137,浪莎股份,17.56,-0.57,9343.0,16407223.0,0.96
002130,沃尔核材,17.43,-0.57,247682.0,430214225.6,2.16
603368,柳药集团,15.5,-0.58,25649.0,39711239.0,0.65
600231,凌钢股份,1.7,-0.58,90345.0,15419188.0,0.32
601113,华鼎股份,3.44,-0.58,69146.0,23753510.0,0.63
002223,鱼跃医疗,27.65,-0.58,64302.0,177693859.66,0.68
600941,中国移动,95.86,-0.58,70324.0,672932132.0,0.78
600517,国网英大,5.15,-0.58,141492.0,72875612.0,0.25
002769,普路通,6.88,-0.58,31605.0,21780215.5,0.85
600859,王府井,10.3,-0.58,72067.0,74264337.0,0.64
002332,仙琚制药,8.63,-0.58,57563.0,49654678.0,0.58
000423,东阿阿胶,54.28,-0.59,47183.0,254764436.38,0.74
600521,华海药业,16.94,-0.59,192131.0,326565458.0,1.28
603055,台华新材,8.47,-0.59,27962.0,23652177.0,0.32
688193,仁度生物,48.49,-0.59,2066.0,10093250.0,0.52
605368,蓝天燃气,6.74,-0.59,21348.0,14396049.0,0.3
688169,石头科技,108.5,-0.59,35853.0,387659995.0,1.38
600764,中国海防,18.65,-0.59,36649.0,68220618.0,0.52
605066,天正电气,6.74,-0.59,37798.0,25583740.0,0.75
001367,海森药业,18.18,-0.6,10432.0,19034107.0,0.86
600452,涪陵电力,9.87,-0.6,160395.0,157866313.0,1.04
600969,郴电国际,8.27,-0.6,41437.0,34131796.0,1.12
600758,辽宁能源,3.33,-0.6,237375.0,79013278.0,1.8
300135,宝利国际,3.3,-0.6,70643.0,23322438.0,0.77
603798,康普顿,13.15,-0.6,38738.0,50801921.0,1.51
002329,皇氏集团,3.29,-0.6,518507.0,171786048.91,7.96
600126,杭钢股份,6.64,-0.6,582207.0,386780090.0,1.72
600653,申华控股,1.66,-0.6,82146.0,13641647.0,0.42
603326,我乐家居,6.52,-0.61,25319.0,16534437.0,0.79
000885,城发环境,12.98,-0.61,23541.0,30562224.0,0.37
600917,重庆燃气,4.87,-0.61,24696.0,12040317.0,0.16
002309,中利集团,3.28,-0.61,1352106.0,439410052.08,5.62
600853,龙建股份,3.25,-0.61,49770.0,16150906.0,0.49
300318,博晖创新,4.85,-0.61,34277.0,16675369.0,0.43
603896,寿仙谷,14.76,-0.61,12729.0,18742459.0,0.64
000800,一汽解放,6.41,-0.62,71058.0,45514423.0,0.14
601106,中国一重,3.22,-0.62,406436.0,131255438.0,0.59
603400,华之杰,44.75,-0.62,68813.0,311198737.0,18.99
600977,中国电影,12.73,-0.62,177734.0,226785335.0,0.95
002663,普邦股份,1.6,-0.62,147856.0,23797368.0,0.87
000755,山西高速,4.7,-0.63,21539.0,10121311.3,0.15
600236,桂冠电力,11.01,-0.63,169660.0,184991631.0,0.22
600794,保税科技,3.14,-0.63,61908.0,19454169.0,0.52
688366,昊海生科,31.75,-0.63,5808.0,18340076.0,0.3
002651,利君股份,7.89,-0.63,32131.0,25386160.0,0.57
002616,长青集团,4.75,-0.63,65288.0,31017066.01,1.11
000930,中粮科技,4.75,-0.63,71171.0,33757888.0,0.38
000883,湖北能源,4.71,-0.63,168010.0,78755707.0,0.26
603998,方盛制药,9.48,-0.63,43364.0,41075093.0,0.99
003012,东鹏控股,4.73,-0.63,46443.0,21985934.54,0.41
000860,顺鑫农业,11.01,-0.63,49173.0,54164785.85,0.66
300294,博雅生物,15.73,-0.63,28774.0,45149796.0,0.57
600157,永泰能源,1.59,-0.63,2901883.0,461184212.0,1.33
600104,上汽集团,10.91,-0.64,335692.0,366250031.0,0.29
002958,青农商行,3.11,-0.64,363528.0,113393375.0,0.67
600787,中储股份,4.68,-0.64,91429.0,42787609.0,0.42
001288,运机集团,26.22,-0.64,27722.0,72572950.0,1.83
600004,白云机场,7.77,-0.64,59475.0,46328657.0,0.25
300317,珈伟新能,4.63,-0.64,463549.0,213996547.8,5.59
603912,佳力图,7.79,-0.64,328142.0,258015278.0,6.05
605288,凯迪股份,58.76,-0.64,13929.0,81057769.0,1.42
002817,黄山胶囊,6.25,-0.64,31636.0,19889298.0,1.09
600177,雅戈尔,7.64,-0.65,132023.0,101006414.0,0.29
002385,大北农,3.04,-0.65,293308.0,89332505.0,0.85
600261,阳光照明,3.04,-0.65,47366.0,14413897.0,0.35
300664,鹏鹞环保,4.58,-0.65,43764.0,20059844.5,0.6
600233,圆通速递,18.48,-0.65,131959.0,244558745.0,0.39
603908,牧高笛,18.23,-0.65,5434.0,9946924.0,0.58
300071,福石控股,4.62,-0.65,787407.0,362557079.0,8.33
301395,仁信新材,11.99,-0.66,37738.0,45179610.32,2.96
002067,景兴纸业,4.49,-0.66,356277.0,159376680.09,2.66
603565,中谷物流,10.51,-0.66,63378.0,66660293.0,0.3
301040,中环海陆,25.43,-0.66,25875.0,65869828.48,2.74
600866,星湖科技,4.49,-0.66,126727.0,56721356.0,0.76
002490,山东墨龙,7.48,-0.66,214082.0,159546534.33,3.95
601333,广深铁路,3.01,-0.66,273306.0,82418996.0,0.48
688317,之江生物,16.64,-0.66,9902.0,16496137.0,0.52
603395,红四方,22.71,-0.66,15304.0,34810072.0,2.35
600009,上海机场,24.11,-0.66,71381.0,172330484.0,0.29
601798,蓝科高新,7.53,-0.66,31873.0,24057529.0,0.9
001278,一彬科技,15.11,-0.66,7971.0,12130186.0,0.93
603393,新天然气,25.4,-0.66,51584.0,131571122.0,1.22
300413,芒果超媒,16.56,-0.66,173588.0,287588665.16,1.7
000948,南天信息,15.14,-0.66,151237.0,227818169.22,3.89
603860,中公高科,25.7,-0.66,6330.0,16318859.0,0.95
002004,华邦健康,4.43,-0.67,132174.0,58385163.23,0.7
601789,宁波建工,4.46,-0.67,231106.0,102984008.0,2.13
600692,亚通股份,5.93,-0.67,29676.0,17684336.0,1.16
000985,大庆华科,14.79,-0.67,8956.0,13256599.0,0.69
002461,珠江啤酒,8.9,-0.67,38366.0,34191926.0,0.17
600062,华润双鹤,16.19,-0.67,51431.0,83440514.0,0.5
600032,浙江新能,7.45,-0.67,176242.0,130546582.0,0.73
600515,海南机场,2.96,-0.67,427922.0,126929792.0,0.47
002382,蓝帆医疗,5.92,-0.67,81049.0,48024607.0,0.81
002092,中泰化学,4.44,-0.67,343492.0,152012316.96,1.33
600307,酒钢宏兴,1.49,-0.67,334070.0,49660794.0,0.53
603053,成都燃气,8.96,-0.67,12254.0,10993422.0,0.14
000523,红棉股份,2.9,-0.68,125875.0,36681464.25,0.95
600717,天津港,4.35,-0.68,98022.0,42748328.0,0.34
601089,福元医药,17.48,-0.68,15120.0,26451923.0,0.32
300591,万里马,7.34,-0.68,121928.0,89282860.0,3.48
000731,四川美丰,5.81,-0.68,33518.0,19462063.4,0.61
600389,江山股份,20.45,-0.68,92707.0,189946712.0,2.15
002656,摩登大道,2.93,-0.68,87334.0,25722425.0,1.27
000736,中交发展,4.39,-0.68,73984.0,32573132.0,0.99
000590,古汉医药,8.61,-0.69,19140.0,16523377.0,0.8
000037,深南电A,10.03,-0.69,259434.0,259573899.52,7.65
000786,北新建材,18.7,-0.69,163385.0,304998452.05,0.97
300847,中船汉光,14.39,-0.69,25873.0,37205831.0,0.87
002311,海大集团,47.27,-0.69,66897.0,316140852.9,0.4
000501,武商集团,7.19,-0.69,31549.0,22747829.0,0.41
000159,国际实业,5.78,-0.69,44174.0,25597345.12,0.92
600535,天士力,15.74,-0.69,102593.0,161083121.0,0.69
600168,武汉控股,4.31,-0.69,33134.0,14263840.0,0.33
601966,玲珑轮胎,11.45,-0.69,65464.0,74983352.0,0.45
600380,健康元,10.12,-0.69,94124.0,94974542.0,0.51
002790,瑞尔特,5.71,-0.7,24220.0,13899005.88,0.93
688203,海正生材,9.95,-0.7,16298.0,16289611.0,0.8
603036,如通股份,12.8,-0.7,54062.0,68687704.0,2.62
000516,国际医学,4.26,-0.7,97183.0,41451677.0,0.44
300470,中密控股,29.99,-0.7,13860.0,41455146.0,0.7
600688,上海石化,2.83,-0.7,336759.0,95208678.0,0.46
002626,金达威,14.2,-0.7,20724.0,29492580.02,0.34
002999,天禾股份,5.67,-0.7,25728.0,14665914.0,0.75
601179,中国西电,14.27,-0.7,1309598.0,1857189874.0,2.55
603129,春风动力,298.38,-0.71,6996.0,209223903.0,0.46
603883,老百姓,12.58,-0.71,50614.0,63757062.0,0.67
000895,双汇发展,25.34,-0.71,70022.0,177470179.6,0.2
603345,安井食品,85.19,-0.71,40239.0,341510157.0,1.37
000768,中航西飞,20.88,-0.71,132237.0,275858691.59,0.48
301190,善水科技,18.14,-0.71,48959.0,87879141.9,3.42
603999,读者传媒,5.6,-0.71,34296.0,19217328.0,0.6
600479,千金药业,9.73,-0.71,31822.0,30903283.0,0.76
300575,中旗股份,5.56,-0.71,64321.0,35878567.0,1.86
002399,海普瑞,9.74,-0.71,30043.0,29162234.2,0.24
002722,物产金轮,12.62,-0.71,15805.0,20009475.0,0.71
600101,明星电力,8.3,-0.72,88223.0,73236369.0,1.61
601949,中国出版,5.54,-0.72,83733.0,46677866.0,0.44
002589,瑞康医药,2.77,-0.72,132855.0,36812615.0,0.97
600356,恒丰纸业,8.3,-0.72,28996.0,24207939.0,0.97
300850,新强联,29.98,-0.73,94610.0,284245474.53,3.15
002941,新疆交建,10.92,-0.73,97881.0,106508725.26,1.34
002120,韵达股份,6.8,-0.73,182261.0,123949627.7,0.65
002154,报 喜 鸟,4.09,-0.73,178351.0,73124929.87,1.51
300363,博腾股份,17.6,-0.73,240448.0,422712145.6,4.85
601369,陕鼓动力,9.49,-0.73,83054.0,78755012.0,0.49
002099,海翔药业,5.45,-0.73,52481.0,28631122.45,0.32
600861,北京人力,13.64,-0.73,23346.0,31815535.0,0.41
000915,华特达因,25.5,-0.74,13522.0,34471649.0,0.58
601567,三星电气,16.05,-0.74,158236.0,254669042.0,1.13
003000,劲仔食品,10.69,-0.74,20800.0,22245778.37,0.68
002575,群兴玩具,5.33,-0.74,228211.0,121725300.36,3.91
003039,顺控发展,12.07,-0.74,17958.0,21677971.0,0.29
603307,扬州金泉,24.02,-0.74,3374.0,8133307.0,0.35
301183,东田微,159.4,-0.74,44463.0,689107967.49,7.57
002166,莱茵生物,6.71,-0.74,66652.0,44713685.25,0.9
600939,重庆建工,2.68,-0.74,40026.0,10764925.0,0.21
000722,湖南发展,13.45,-0.74,130199.0,173979191.06,2.81
002692,远程股份,4.04,-0.74,68441.0,27840655.0,0.95
600221,海航控股,1.35,-0.74,1691227.0,229826966.0,0.39
600163,中闽能源,5.33,-0.74,130173.0,69160148.0,0.68
600846,同济科技,12.05,-0.74,44023.0,53746912.0,0.7
603707,健友股份,8.08,-0.74,51436.0,41684921.0,0.32
601086,国芳集团,7.9,-0.75,105348.0,83484930.0,1.58
688067,爱威科技,21.29,-0.75,5462.0,11672205.0,0.8
601618,中国中冶,2.65,-0.75,525853.0,139586737.0,0.29
601633,长城汽车,15.95,-0.75,120515.0,192186731.0,0.19
600746,江苏索普,6.61,-0.75,114471.0,75796217.0,0.98
002027,分众传媒,5.28,-0.75,1101906.0,581907511.98,0.76
688755,汉邦科技,24.73,-0.76,5982.0,14792278.0,0.75
600606,绿地控股,1.3,-0.76,608590.0,78922484.0,0.43
600284,浦东建设,5.2,-0.76,66399.0,34572983.0,0.68
601011,宝泰隆,2.6,-0.76,136510.0,35564207.0,0.71
300459,汤姆猫,3.91,-0.76,841082.0,330049553.1,2.56
603858,步长制药,15.68,-0.76,36478.0,57140332.0,0.35
601860,紫金银行,2.61,-0.76,222288.0,58182394.0,0.63
600808,马钢股份,2.61,-0.76,343110.0,89728974.0,0.57
002644,佛慈制药,7.78,-0.77,14953.0,11631998.0,0.29
600018,上港集团,5.15,-0.77,313241.0,161387026.0,0.13
301277,新天地,10.35,-0.77,46926.0,48456579.62,1.2
301105,鸿铭股份,46.24,-0.77,3569.0,16591177.12,1.8
002019,亿帆医药,10.27,-0.77,56421.0,57847080.7,0.67
603587,地素时尚,11.56,-0.77,10480.0,12155961.0,0.22
600540,新赛股份,3.82,-0.78,363367.0,137741975.0,6.25
601169,北京银行,5.06,-0.78,896266.0,454817854.0,0.42
600229,城市传媒,5.08,-0.78,21698.0,11077121.0,0.33
600713,南京医药,5.07,-0.78,64991.0,32875429.0,0.5
600436,片仔癀,136.43,-0.78,53862.0,732524577.0,0.89
002688,金河生物,5.07,-0.78,47516.0,24110875.0,0.64
601598,中国外运,6.33,-0.78,125302.0,79485271.0,0.24
600505,西昌电力,11.34,-0.79,60823.0,68860265.0,1.67
001324,长青科技,18.91,-0.79,11370.0,21501843.0,0.82
300080,易成新能,3.79,-0.79,87454.0,33298431.05,0.47
601528,瑞丰银行,5.01,-0.79,87358.0,44016909.0,0.47
000927,中国铁物,2.5,-0.79,196166.0,49171007.0,0.32
603365,水星家纺,17.66,-0.79,8881.0,15670951.0,0.34
603043,广州酒家,13.86,-0.79,15136.0,21075518.0,0.27
001289,龙源电力,16.33,-0.79,41625.0,67700263.54,0.08
600023,浙能电力,4.93,-0.8,344966.0,169965764.0,0.26
600420,国药现代,8.7,-0.8,57655.0,50103569.0,0.43
002595,豪迈科技,52.1,-0.8,22400.0,116331609.98,0.19
603583,捷昌驱动,24.75,-0.8,51884.0,128341643.0,1.36
600419,天润乳业,8.66,-0.8,64663.0,56062370.0,2.05
688681,科汇股份,16.06,-0.8,11118.0,17856784.0,1.06
300394,天孚通信,210.3,-0.8,606022.0,12315460469.01,5.57
601186,中国铁建,6.2,-0.8,323404.0,200727025.0,0.28
002107,沃华医药,6.15,-0.81,59558.0,36548406.2,1.04
301156,美农生物,10.96,-0.81,20968.0,23019123.3,1.79
300705,九典制药,11.04,-0.81,36095.0,39708960.21,0.98
300530,领湃科技,19.64,-0.81,50193.0,97671053.0,2.92
600582,天地科技,4.87,-0.81,137297.0,66942733.0,0.33
601088,中国神华,42.8,-0.81,149931.0,639768955.0,0.09
601669,中国电建,4.85,-0.82,723276.0,350984584.0,0.55
000912,泸天化,3.62,-0.82,84543.0,30620188.0,0.54
000656,金科股份,1.21,-0.82,684792.0,83037678.98,0.9
002763,汇洁股份,7.25,-0.82,42138.0,30638033.5,1.39
002262,恩华药业,21.73,-0.82,61613.0,133886605.0,0.7
600528,中铁工业,7.29,-0.82,79418.0,57888679.0,0.36
002061,浙江交科,3.61,-0.82,109097.0,39385426.91,0.42
601566,九牧王,8.44,-0.82,34177.0,28888562.0,0.59
600037,歌华有线,7.17,-0.83,96458.0,69409413.0,0.69
688271,联影医疗,113.47,-0.83,35438.0,402409339.0,0.43
301291,明阳电气,40.68,-0.83,46513.0,187317091.9,2.84
600483,福能股份,10.77,-0.83,73266.0,78748556.0,0.26
688198,佰仁医疗,81.71,-0.83,4297.0,35187367.0,0.31
002275,桂林三金,13.21,-0.83,14264.0,18840296.0,0.26
300070,碧水源,3.57,-0.83,169695.0,60799310.74,0.49
600660,福耀玻璃,56.46,-0.83,63818.0,360749039.0,0.32
601607,上海医药,16.49,-0.84,80234.0,132209145.0,0.29
600170,上海建工,2.36,-0.84,793208.0,186859286.0,0.89
300417,南华仪器,10.65,-0.84,19549.0,20913471.0,2.34
000156,华数传媒,7.1,-0.84,52169.0,37082240.1,0.31
688057,金达莱,17.61,-0.84,54978.0,95259454.0,1.99
300510,金冠股份,3.49,-0.85,156098.0,54500742.0,1.89
600597,光明乳业,6.96,-0.85,43590.0,30384400.0,0.32
000566,海南海药,5.81,-0.85,1472415.0,853849557.66,11.35
002486,嘉麟杰,2.32,-0.85,103047.0,23981857.5,1.26
600425,青松建化,3.48,-0.85,68848.0,23977154.0,0.43
300972,万辰集团,203.55,-0.85,14064.0,285376819.26,0.78
002302,西部建设,4.64,-0.85,28468.0,13200851.5,0.23
002073,软控股份,5.75,-0.86,118616.0,68068978.39,1.17
600760,中航沈飞,42.69,-0.86,77999.0,333176450.0,0.28
601222,林洋能源,5.77,-0.86,116669.0,67364473.0,0.57
300832,新产业,46.48,-0.87,42511.0,197364113.94,0.62
002646,天佑德酒,6.83,-0.87,30542.0,20890358.83,0.64
300529,健帆生物,18.33,-0.87,38738.0,71191525.85,0.76
002475,立讯精密,55.0,-0.87,1399145.0,7516009009.64,1.91
603816,顾家家居,25.04,-0.87,50827.0,127190815.0,0.62
002495,佳隆股份,2.28,-0.87,115420.0,26491461.0,1.66
688395,正弦电气,21.72,-0.87,9390.0,20537691.0,1.08
002358,森源电气,5.71,-0.87,153065.0,87226777.0,1.65
601997,贵阳银行,5.67,-0.87,274452.0,156504665.0,0.75
000813,德展健康,3.38,-0.88,122304.0,41354461.0,0.58
600774,汉商集团,6.75,-0.88,20695.0,14018354.0,0.7
600583,海油工程,5.6,-0.88,163143.0,91273310.0,0.37
600467,好当家,2.24,-0.88,149979.0,33575679.0,1.03
300883,龙利得,5.63,-0.88,87262.0,49533621.19,2.64
000779,甘咨询,13.51,-0.88,450266.0,608097128.53,9.69
601096,宏盛华源,4.45,-0.89,148494.0,66052536.0,0.9
300359,全通教育,4.46,-0.89,476283.0,215262065.03,7.52
600199,金种子酒,7.78,-0.89,174766.0,135832755.0,2.66
600821,金开新能,6.66,-0.89,482360.0,321110510.0,2.45
600295,鄂尔多斯,12.24,-0.89,56062.0,68514111.0,0.28
002007,华兰生物,13.37,-0.89,56158.0,75110701.04,0.36
301301,川宁生物,8.79,-0.9,57970.0,51080037.87,0.94
600116,三峡水利,6.61,-0.9,119278.0,78908787.0,0.62
600507,方大特钢,4.42,-0.9,140781.0,62081149.0,0.61
300268,佳沃食品,11.06,-0.9,17695.0,19799526.75,1.32
001227,兰州银行,2.2,-0.9,431032.0,95029673.8,1.02
600580,卧龙电驱,35.35,-0.9,547422.0,1913930129.0,3.51
002968,新大正,8.82,-0.9,16560.0,14667653.0,0.78
601139,深圳燃气,6.43,-0.92,130775.0,84183220.0,0.45
600308,华泰股份,3.22,-0.92,42582.0,13756295.0,0.28
300942,易瑞生物,6.49,-0.92,29193.0,19051995.0,0.72
600930,华电新能,4.3,-0.92,1192012.0,511142133.0,1.11
601077,渝农商行,6.43,-0.92,398193.0,257330678.0,0.45
600778,友好集团,5.33,-0.93,36475.0,19529422.0,1.17
600639,浦东金桥,9.61,-0.93,22804.0,21897129.0,0.27
688571,杭华股份,8.52,-0.93,73058.0,62282513.0,1.72
000709,河钢股份,2.14,-0.93,540139.0,115754504.29,0.52
600217,中再资环,3.19,-0.93,83538.0,26587286.0,0.5
605050,福然德,10.66,-0.93,16719.0,17839507.0,0.34
002032,苏 泊 尔,41.69,-0.93,11624.0,48506505.0,0.15
000554,泰山石油,6.41,-0.93,105804.0,67888352.2,2.94
300171,东富龙,12.63,-0.94,68085.0,86263808.12,1.21
002984,森麒麟,14.53,-0.95,67654.0,98246548.9,0.95
603367,辰欣药业,14.54,-0.95,72136.0,104772154.0,1.59
601158,重庆水务,4.16,-0.95,44603.0,18607001.0,0.09
601128,常熟银行,6.23,-0.95,258622.0,161856885.0,0.71
601577,长沙银行,9.35,-0.95,125725.0,118248544.0,0.31
002287,奇正藏药,20.66,-0.96,11072.0,22863140.88,0.19
600036,招商银行,38.9,-0.97,498744.0,1945821898.0,0.24
601800,中国交建,6.14,-0.97,244788.0,150518231.0,0.21
603321,梅轮电梯,6.11,-0.97,20817.0,12773981.0,0.6
601952,苏垦农发,8.19,-0.97,47515.0,39075676.0,0.34
002551,尚荣医疗,3.04,-0.98,76343.0,23520287.0,1.25
000407,胜利股份,4.03,-0.98,77875.0,31466249.0,0.89
600512,腾达建设,2.02,-0.98,79324.0,16071203.0,0.5
002793,罗欣药业,5.07,-0.98,535553.0,270488938.83,4.93
301602,超研股份,15.17,-0.98,13550.0,20597750.2,0.65
600795,国电电力,5.0,-0.99,677608.0,338691178.0,0.38
600267,海正药业,12.03,-0.99,293540.0,350544884.0,2.49
002550,千红制药,6.94,-1.0,106740.0,74251268.0,1.13
601098,中南传媒,10.85,-1.0,62025.0,67488651.0,0.35
600167,联美控股,5.93,-1.0,38758.0,22946768.0,0.17
601658,邮储银行,4.97,-1.0,1078640.0,537880116.0,0.15
300425,中建环能,3.95,-1.0,58758.0,23296554.0,0.86
301371,敷尔佳,25.7,-1.0,13140.0,33804972.34,1.69
601916,浙商银行,2.96,-1.0,1082312.0,320657805.0,0.5
603808,歌力思,7.84,-1.01,25583.0,20158426.0,0.7
000690,宝新能源,4.9,-1.01,311420.0,152577076.14,1.43
002390,信邦制药,2.95,-1.01,125032.0,36793446.0,0.65
600827,百联股份,7.87,-1.01,87437.0,68941989.0,0.54
600970,中材国际,7.82,-1.01,126204.0,98815125.0,0.48
000537,绿发电力,7.73,-1.02,131231.0,101381410.89,0.64
000988,华工科技,99.62,-1.02,711575.0,6852588544.17,7.08
000096,广聚能源,7.74,-1.02,38042.0,29475337.76,0.74
002852,道道全,7.72,-1.03,18107.0,14036786.0,0.63
600863,华能蒙电,4.8,-1.03,842127.0,402534031.0,1.29
601188,龙江交通,2.86,-1.04,110153.0,31665454.0,0.84
603589,口子窖,20.07,-1.04,51782.0,103972890.0,0.87
000513,丽珠集团,30.5,-1.04,41981.0,127986314.67,0.74
600559,老白干酒,12.13,-1.06,75659.0,91937671.0,0.83
300702,天宇股份,21.38,-1.06,37623.0,80057726.0,1.79
002086,东方海洋,1.86,-1.06,149018.0,27765783.0,0.94
600409,三友化工,6.56,-1.06,237090.0,156236500.0,1.15
600598,北大荒,12.15,-1.06,105393.0,128145321.0,0.59
000027,深圳能源,6.45,-1.07,169258.0,109239772.2,0.36
600223,福瑞达,5.56,-1.07,37133.0,20669037.0,0.37
300770,新媒股份,35.12,-1.07,13974.0,49175835.0,0.61
300266,兴源环境,1.85,-1.07,103222.0,19261998.0,0.66
000597,东北制药,4.63,-1.07,65637.0,30279722.2,0.47
600908,无锡银行,5.53,-1.07,84758.0,47110768.0,0.42
600057,厦门象屿,6.4,-1.08,101003.0,64719038.0,0.48
601963,重庆银行,11.02,-1.08,68745.0,75938931.0,0.34
000756,新华制药,13.69,-1.08,48842.0,66911318.78,0.98
603117,万林物流,3.65,-1.08,52941.0,19429248.0,0.88
000958,电投产融,5.49,-1.08,182162.0,99832343.74,0.34
002494,华斯股份,4.6,-1.08,56349.0,26089364.0,1.96
600075,新疆天业,4.57,-1.08,102392.0,46850722.0,0.6
600867,通化东宝,8.28,-1.08,142099.0,118050378.0,0.73
600196,复星医药,22.94,-1.08,160914.0,368758573.0,0.76
002300,太阳电缆,7.32,-1.08,262960.0,192299095.9,3.64
300110,华仁药业,2.71,-1.09,115742.0,31468444.0,0.98
603282,亚光股份,14.53,-1.09,8079.0,11765390.0,0.6
600429,三元股份,4.52,-1.09,74338.0,33633171.0,0.5
605266,健之佳,16.34,-1.09,10291.0,16930462.0,0.67
002936,郑州银行,1.81,-1.09,526897.0,95711299.39,0.75
301113,雅艺科技,15.42,-1.09,14159.0,21905197.98,1.98
002507,涪陵榨菜,11.78,-1.09,80581.0,95024495.4,0.7
600765,中航重机,13.58,-1.09,119306.0,162093328.0,0.77
000088,盐 田 港,4.49,-1.1,133917.0,60215922.48,0.42
600771,广誉远,14.42,-1.1,37846.0,54554761.0,0.77
688617,惠泰医疗,213.64,-1.1,7879.0,169349801.0,0.56
603387,基蛋生物,8.94,-1.11,61649.0,55103615.0,1.22
000707,双环科技,4.47,-1.11,31902.0,14317881.0,0.58
601728,中国电信,6.22,-1.11,1107243.0,687017529.0,0.14
002238,天威视讯,6.16,-1.12,27379.0,16986776.0,0.34
600016,民生银行,3.52,-1.12,1578858.0,556680605.0,0.45
000543,皖能电力,7.95,-1.12,178360.0,141519596.42,0.79
002945,华林证券,15.01,-1.12,153839.0,231380091.92,0.57
300157,新锦动力,4.36,-1.13,313782.0,136702481.12,4.29
600780,通宝能源,6.08,-1.14,77852.0,47384633.0,0.68
600312,平高电气,20.88,-1.14,240636.0,504143027.0,1.77
601009,南京银行,11.24,-1.14,289496.0,326712150.0,0.23
002563,森马服饰,6.06,-1.14,135320.0,82292352.0,0.61
600995,南网储能,12.88,-1.15,107906.0,139149381.0,0.34
000966,长源电力,4.3,-1.15,308947.0,132392186.0,0.89
603323,苏农银行,4.31,-1.15,146183.0,63391795.0,0.66
300453,三鑫医疗,9.49,-1.15,83363.0,78764273.33,2.32
000822,山东海化,4.31,-1.15,94845.0,40808858.0,1.06
688247,宣泰医药,8.5,-1.16,42175.0,36011071.0,0.93
688167,炬光科技,199.65,-1.16,82276.0,1601995787.0,6.32
002239,奥特佳,2.56,-1.16,241055.0,61942458.0,0.74
600963,岳阳林纸,3.39,-1.17,157320.0,53610547.0,0.9
002226,江南化工,5.07,-1.17,112981.0,57235116.6,0.43
600529,山东药玻,19.39,-1.17,59631.0,115915947.0,0.9
601018,宁波港,3.39,-1.17,354445.0,120167083.0,0.18
600600,青岛啤酒,54.04,-1.17,51013.0,275091867.0,0.72
002543,万和电气,6.71,-1.18,18799.0,12614999.0,0.28
688009,中国通号,5.01,-1.18,251921.0,126583301.0,0.29
600019,宝钢股份,5.87,-1.18,607244.0,357717071.0,0.28
600455,博通股份,23.52,-1.18,12428.0,29481821.0,1.99
601166,兴业银行,18.34,-1.19,553993.0,1019020903.0,0.26
603198,迎驾贡酒,36.66,-1.19,44226.0,162194906.0,0.55
601187,厦门银行,7.47,-1.19,87370.0,65179995.0,0.33
603855,华荣股份,16.65,-1.19,12282.0,20414651.0,0.37
605169,洪通燃气,10.0,-1.19,13488.0,13561259.0,0.48
600613,神奇制药,4.96,-1.2,38173.0,18929924.0,0.8
600616,金枫酒业,4.13,-1.2,45912.0,19109716.0,0.69
300358,楚天科技,9.04,-1.2,245949.0,223625257.84,3.49
600690,海尔智家,22.22,-1.2,217063.0,483184096.0,0.35
600789,鲁抗医药,7.38,-1.2,133200.0,98305628.0,1.32
300788,中信出版,26.32,-1.2,47500.0,124275863.84,2.5
301429,森泰股份,16.44,-1.2,10038.0,16558124.73,2.28
601811,新华文轩,12.23,-1.21,17702.0,21690654.0,0.22
002807,江阴银行,4.05,-1.22,214221.0,87156585.13,0.79
603568,伟明环保,15.4,-1.22,44224.0,68157004.0,0.22
300182,捷成股份,5.65,-1.22,2294708.0,1274262933.98,10.16
002069,獐子岛,3.22,-1.23,46542.0,15068455.0,0.66
002366,融发核电,6.36,-1.24,876653.0,557025960.9,4.74
001382,新亚电缆,17.51,-1.24,31620.0,55351595.76,5.02
003001,中岩大地,20.65,-1.24,158327.0,320216199.31,13.84
600329,达仁堂,37.34,-1.24,19299.0,72240014.0,0.34
601000,唐山港,4.73,-1.25,302912.0,143878510.0,0.51
600644,乐山电力,10.3,-1.25,317175.0,325856950.0,5.48
600011,华能国际,7.12,-1.25,783559.0,557961051.0,0.71
600377,宁沪高速,11.85,-1.25,98909.0,117235228.0,0.26
000651,格力电器,40.01,-1.26,308411.0,1235476126.54,0.56
000719,中原传媒,12.56,-1.26,38734.0,48920098.3,0.58
301633,港迪技术,58.16,-1.26,5976.0,34916367.0,2.34
600039,四川路桥,8.59,-1.26,90733.0,78451149.0,0.1
603369,今世缘,27.25,-1.27,93676.0,255179981.0,0.75
603556,海兴电力,26.41,-1.27,75805.0,199288674.0,1.56
600056,中国医药,9.36,-1.27,113281.0,105983695.0,0.76
600502,安徽建工,4.64,-1.28,146927.0,68311848.0,0.86
000937,冀中能源,4.61,-1.28,129188.0,59707432.4,0.34
000968,蓝焰控股,6.95,-1.28,186715.0,129382111.72,1.93
300305,裕兴股份,6.16,-1.28,250516.0,152278778.96,7.79
301273,瑞晨环保,34.61,-1.28,19874.0,67475874.4,2.58
603027,千禾味业,7.66,-1.29,102884.0,78860908.0,0.77
601668,中国建筑,4.58,-1.29,1403309.0,643803382.0,0.34
000790,华神科技,3.82,-1.29,88899.0,34129337.45,1.43
600905,三峡能源,3.83,-1.29,824037.0,316291274.0,0.29
000852,石化机械,5.34,-1.29,65912.0,35250010.0,0.69
301287,康力源,34.04,-1.3,4795.0,16381296.0,2.82
601038,一拖股份,13.57,-1.31,52736.0,71497940.0,0.72
300875,捷强装备,33.85,-1.31,35116.0,118591076.09,4.0
600015,华夏银行,6.8,-1.31,440668.0,300533131.0,0.29
300347,泰格医药,50.67,-1.32,124687.0,639338576.08,2.2
600956,新天绿能,7.46,-1.32,50305.0,37541294.0,0.21
601880,辽港股份,1.5,-1.32,587747.0,88241893.0,0.32
002349,精华制药,6.7,-1.33,68497.0,46012695.0,0.84
002839,张家港行,4.46,-1.33,167315.0,75077412.69,0.69
600886,国投电力,14.83,-1.33,174081.0,259314660.0,0.23
603177,德创环保,8.93,-1.33,21029.0,18953091.0,1.03
000708,中信特钢,14.14,-1.33,87184.0,123678807.49,0.17
601985,中国核电,8.81,-1.34,1067167.0,942556035.0,0.57
600050,中国联通,4.41,-1.34,1129700.0,498730022.0,0.36
002693,双成药业,9.54,-1.34,321345.0,307308180.0,7.82
600871,石化油服,2.21,-1.34,691684.0,152989315.0,0.51
001872,招商港口,21.91,-1.35,12237.0,26823584.31,0.05
002437,誉衡药业,2.93,-1.35,318605.0,93535787.0,1.52
000705,浙江震元,6.58,-1.35,33604.0,22211520.0,1.19
600248,陕建股份,2.93,-1.35,74285.0,21774592.0,0.2
002316,亚联发展,4.38,-1.35,63004.0,27827945.0,1.85
605507,国邦医药,15.93,-1.36,39183.0,61998166.0,0.5
000766,通化金马,17.47,-1.36,90118.0,158496232.78,0.93
002304,洋河股份,41.35,-1.36,49986.0,207023228.57,0.33
600527,江南高纤,2.18,-1.36,230260.0,50352274.0,1.33
600008,首创环保,2.89,-1.37,684982.0,198022368.0,0.93
688092,爱科科技,22.08,-1.38,4281.0,9455995.0,0.52
603899,晨光股份,22.89,-1.38,23797.0,54577292.0,0.26
600594,益佰制药,3.56,-1.39,147492.0,52757076.0,1.88
002727,一心堂,11.37,-1.39,56799.0,64424611.0,1.45
600548,深高速,8.45,-1.4,28265.0,23909311.0,0.16
601898,中煤能源,13.34,-1.4,277063.0,366776203.0,0.3
300181,佐力药业,14.13,-1.4,135423.0,191173216.85,2.25
002737,葵花药业,13.24,-1.41,30416.0,40300674.0,0.52
601956,东贝集团,4.89,-1.41,53492.0,26329035.0,0.86
000025,特  力Ａ,15.32,-1.42,59022.0,89901171.3,1.5
600461,洪城环境,8.93,-1.43,105954.0,94976355.0,0.83
601326,秦港股份,3.44,-1.43,150533.0,51789488.0,0.32
600518,康美药业,1.38,-1.43,1437403.0,198612489.0,1.04
600844,金煤科技,3.43,-1.44,483239.0,165787309.0,5.87
600373,中文传媒,7.51,-1.44,70758.0,53257999.0,0.53
600671,天目药业,21.85,-1.44,53536.0,118993308.0,4.4
603392,万泰生物,30.09,-1.44,28853.0,87290347.0,0.23
600681,百川能源,3.41,-1.45,169163.0,57788204.0,1.26
001914,招商积余,8.82,-1.45,49735.0,44133346.0,0.47
002103,广博股份,6.76,-1.46,117813.0,79847068.0,3.04
600511,国药股份,27.59,-1.46,34679.0,96003440.0,0.63
600993,XD马应龙,23.59,-1.46,48003.0,113456730.0,1.12
603456,九洲药业,15.5,-1.46,150657.0,234858632.0,1.71
600027,华电国际,4.71,-1.46,471506.0,222488785.0,0.51
603237,五芳斋,14.09,-1.47,4042.0,5731526.0,0.21
600803,新奥股份,17.38,-1.47,62307.0,108213661.0,0.2
600339,中油工程,3.36,-1.47,289722.0,97501262.0,0.52
600557,康缘药业,12.63,-1.48,51887.0,65494966.0,0.92
600000,浦发银行,9.26,-1.49,460761.0,429221109.0,0.14
002603,以岭药业,16.54,-1.49,182457.0,301583150.27,1.33
600595,中孚实业,6.63,-1.49,1089103.0,716366814.0,2.72
601766,中国中车,5.94,-1.49,1128909.0,673641742.0,0.46
000061,农 产 品,5.96,-1.49,163042.0,96979926.9,0.91
601216,君正集团,4.64,-1.49,332026.0,154606931.0,0.39
600285,羚锐制药,22.48,-1.49,50665.0,114019774.0,0.89
002267,陕天然气,7.22,-1.5,51863.0,37470536.65,0.47
600809,山西汾酒,120.01,-1.51,64730.0,776435140.0,0.53
000952,广济药业,5.86,-1.51,45902.0,27058367.8,1.33
600519,贵州茅台,1308.29,-1.51,24789.0,3261244498.0,0.2
301004,嘉益股份,35.9,-1.51,4826.0,17355392.2,0.35
002172,澳洋健康,3.25,-1.52,93838.0,30726154.0,1.23
300242,佳云科技,4.51,-1.53,224581.0,101150885.0,3.54
600227,赤天化,3.22,-1.53,629526.0,202655388.0,4.93
600968,海油发展,3.87,-1.53,184914.0,71956113.0,0.18
000429,粤高速Ａ,14.12,-1.53,65743.0,92616016.12,0.5
000538,云南白药,50.91,-1.53,90683.0,461957264.4,0.51
603515,欧普照明,17.27,-1.54,9490.0,16400202.0,0.13
002576,通达动力,14.74,-1.54,31621.0,46912714.03,1.95
601816,京沪高铁,5.07,-1.55,1031687.0,526495454.0,0.21
002695,煌上煌,10.18,-1.55,128514.0,130103629.44,2.51
600098,广州发展,6.36,-1.55,188659.0,120228488.0,0.54
002879,长缆科技,18.47,-1.55,213073.0,394582932.48,15.54
600350,山东高速,10.75,-1.56,100044.0,107272882.0,0.21
601328,交通银行,6.93,-1.56,1057976.0,737922268.0,0.41
301024,霍普股份,32.25,-1.56,7198.0,23038685.0,1.17
600793,宜宾纸业,14.55,-1.56,122398.0,180199094.0,6.92
688065,凯赛生物,45.12,-1.57,39559.0,178455497.0,0.68
002803,吉宏股份,19.48,-1.57,157687.0,312491481.2,5.3
601818,光大银行,3.08,-1.6,1597787.0,495499682.0,0.34
601599,浙文影业,3.07,-1.6,98902.0,30486741.0,0.85
002352,顺丰控股,33.9,-1.6,164495.0,557929985.3,0.34
600332,白云山,21.54,-1.6,92028.0,198518334.0,0.65
300039,上海凯宝,5.55,-1.6,293237.0,163202278.39,3.2
603288,海天味业,36.73,-1.61,118911.0,437559649.0,0.21
300635,中达安,11.57,-1.62,20647.0,24075726.5,1.71
601865,福莱特,10.93,-1.62,167011.0,182874904.0,0.88
000989,九芝堂,9.09,-1.62,184855.0,168451030.0,2.66
600129,太极集团,15.71,-1.63,155937.0,245990210.0,2.83
600406,国电南瑞,24.56,-1.64,509847.0,1252566736.0,0.64
601928,凤凰传媒,9.6,-1.64,85396.0,82267234.0,0.34
000723,美锦能源,3.59,-1.64,272860.0,98387001.0,0.62
600161,天坛生物,12.57,-1.64,101193.0,127608879.0,0.51
601611,中国核建,11.92,-1.65,722817.0,857026348.0,2.4
000598,兴蓉环境,7.11,-1.66,176196.0,125851615.0,0.59
600756,浪潮软件,15.91,-1.67,230021.0,366026225.0,7.1
600976,健民集团,28.1,-1.68,26490.0,74464587.0,1.73
601619,嘉泽新能,4.65,-1.69,197633.0,92138886.0,0.81
600881,亚泰集团,1.74,-1.69,469772.0,81939595.0,1.45
600132,重庆啤酒,45.06,-1.7,25335.0,114297874.0,0.52
301262,海看股份,20.82,-1.7,85532.0,178271555.9,7.01
601398,工商银行,7.53,-1.7,3226923.0,2432041770.0,0.12
603727,博迈科,17.84,-1.71,17915.0,32072312.0,0.64
003816,中国广核,4.0,-1.72,862617.0,345675681.0,0.22
600757,长江传媒,8.0,-1.72,51330.0,41286465.0,0.42
601988,中国银行,5.72,-1.72,2009708.0,1153874920.0,0.1
600269,赣粤高速,4.01,-1.72,150336.0,60670893.0,0.64
300963,中洲特材,12.55,-1.72,149501.0,186171467.79,4.44
300026,红日药业,3.4,-1.73,311338.0,106250925.0,1.04
600738,丽尚国潮,3.95,-1.74,55030.0,21867751.0,0.72
600351,亚宝药业,6.76,-1.74,175685.0,118717166.0,2.54
688671,碧兴物联,23.09,-1.74,12244.0,28436279.0,2.61
603619,中曼石油,21.28,-1.75,249267.0,528929758.0,5.39
600252,中恒集团,2.21,-1.78,249974.0,55745535.0,0.79
000858,五 粮 液,75.51,-1.78,268902.0,2036305342.37,0.69
603233,大参林,18.26,-1.78,44636.0,82058241.0,0.39
600820,隧道股份,5.49,-1.79,166415.0,91751408.0,0.53
603235,天新药业,23.63,-1.79,3661.0,8669616.0,0.08
603567,珍宝岛,6.55,-1.8,623191.0,413631969.0,6.63
300663,科蓝软件,10.36,-1.8,557856.0,580726129.23,12.12
300405,科隆股份,5.41,-1.81,55436.0,30219502.82,2.53
301677,C欣兴,68.99,-1.81,60871.0,413609971.65,28.39
002372,伟星新材,8.68,-1.81,92744.0,80789652.0,0.63
000650,仁和药业,5.38,-1.82,119367.0,64382705.0,0.9
603877,太平鸟,12.93,-1.82,17883.0,23162078.0,0.38
000001,平安银行,11.23,-1.84,893161.0,1010287699.0,0.46
601006,大秦铁路,4.8,-1.84,1037325.0,499942970.0,0.52
600812,华北制药,4.78,-1.85,107740.0,51761702.0,0.63
002882,金龙羽,22.66,-1.86,116302.0,261536438.0,4.71
002001,新 和 成,29.55,-1.86,250106.0,736388872.02,0.82
300949,奥雅股份,21.54,-1.87,11027.0,23875296.01,2.22
605287,德才股份,37.09,-1.88,53595.0,199275424.0,3.83
600422,昆药集团,8.89,-1.88,76524.0,68015842.0,1.01
601939,建设银行,9.91,-1.88,1398185.0,1388768355.0,1.46
605098,行动教育,58.97,-1.88,15650.0,91598538.0,1.31
600323,瀚蓝环境,30.14,-1.89,27527.0,83408862.0,0.34
600376,首开股份,4.15,-1.89,987655.0,407888864.0,3.83
002318,久立特材,20.25,-1.89,74397.0,150777912.74,0.78
601229,上海银行,9.24,-1.91,416908.0,389403902.0,0.29
300052,中青宝,11.82,-1.91,351932.0,417690868.94,13.44
000892,欢瑞世纪,4.09,-1.92,1063660.0,436459495.66,14.96
002606,大连电瓷,14.68,-1.94,236436.0,345620490.97,5.61
300570,太辰光,131.19,-1.95,233514.0,2970112324.95,12.15
600575,淮河能源,3.5,-1.96,376911.0,132713628.0,0.97
000963,华东医药,27.93,-1.97,233727.0,651812716.55,1.33
601288,农业银行,6.48,-1.97,3417861.0,2218482505.0,0.11
000999,华润三九,25.24,-1.98,131194.0,331058917.05,0.79
688498,源杰科技,1289.0,-1.98,60674.0,7559369691.0,4.94
002281,光迅科技,168.86,-2.01,424641.0,7001966513.3,5.4
603787,新日股份,10.06,-2.04,48085.0,48329159.0,2.09
001965,招商公路,9.58,-2.04,94645.0,91384438.2,0.14
600572,康恩贝,4.28,-2.06,325464.0,139624819.0,1.29
688217,睿昂基因,22.27,-2.07,10024.0,22375188.0,1.79
601107,四川成渝,5.68,-2.07,66794.0,37931548.0,0.31
002112,三变科技,17.06,-2.07,185744.0,316796265.75,7.09
600900,长江电力,27.71,-2.08,955294.0,2660830530.0,0.39
301120,新特电气,15.8,-2.11,138047.0,216999619.15,6.11
603658,安图生物,32.84,-2.15,23192.0,76483282.0,0.41
600028,中国石化,4.99,-2.16,1760505.0,882918752.0,0.19
601808,中海油服,12.15,-2.17,101798.0,124032121.0,0.34
300795,米奥会展,15.24,-2.18,294149.0,444289473.7,16.91
603519,立霸股份,15.49,-2.21,68740.0,106672209.0,2.58
000400,许继电气,23.3,-2.22,211635.0,494571435.75,2.08
601825,沪农商行,8.38,-2.22,155297.0,131199460.0,0.17
300854,中兰环保,16.7,-2.22,76019.0,125583970.41,6.67
002379,宏桥控股,18.82,-2.23,579755.0,1103713494.26,5.1
000596,古井贡酒,89.38,-2.25,55696.0,496437807.19,1.36
300141,和顺电气,10.45,-2.25,99309.0,103742270.0,3.9
301037,保立佳,12.46,-2.27,15020.0,18879421.2,2.21
688796,百奥赛图,114.23,-2.27,16574.0,189817630.0,4.29
601019,山东出版,7.28,-2.28,80477.0,58914949.0,0.39
300048,合康新能,5.49,-2.31,105873.0,58407367.0,0.94
600025,华能水电,9.71,-2.31,203887.0,198727992.0,0.11
600566,济川药业,25.77,-2.31,34845.0,90249200.0,0.38
300605,恒锋信息,10.95,-2.32,163245.0,177943063.16,12.92
002911,佛燃能源,11.21,-2.35,54127.0,60550141.82,0.43
600055,万东医疗,11.86,-2.39,33145.0,39734726.0,0.47
600012,皖通高速,16.24,-2.4,41051.0,66731135.0,0.35
300093,金刚光伏,23.34,-2.42,69568.0,163472827.67,3.01
603598,引力传媒,18.37,-2.44,204543.0,374096088.0,7.59
301087,可孚医疗,53.02,-2.45,13126.0,69685182.38,0.68
600162,香江控股,3.16,-2.47,1115176.0,351430496.0,3.41
300798,锦鸡股份,7.73,-2.52,237566.0,183527486.4,5.86
600085,同仁堂,25.12,-2.52,112282.0,282880794.0,0.82
000568,泸州老窖,87.04,-2.53,84172.0,735136760.4,0.57
603222,济民健康,8.45,-2.54,521194.0,451755315.0,9.93
600883,博闻科技,7.29,-2.54,42034.0,31058467.0,1.78
002659,凯文教育,4.94,-2.56,655066.0,326226919.95,10.95
600750,华润江中,25.31,-2.58,30238.0,77037854.0,0.48
601998,中信银行,7.54,-2.58,332009.0,252195263.0,0.08
301228,实朴检测,62.03,-2.59,20094.0,124905075.1,1.68
600997,开滦股份,5.59,-2.61,50624.0,28515425.0,0.32
300688,创业黑马,31.41,-2.63,208100.0,646755509.1,14.02
301559,中集环科,13.67,-2.64,31729.0,43446778.28,3.53
300534,陇神戎发,12.83,-2.66,525438.0,684283871.0,17.4
601857,中国石油,10.57,-2.67,945453.0,1003107040.0,0.06
002252,上海莱士,5.08,-2.68,365917.0,187140584.0,0.56
300866,安克创新,116.17,-2.75,33769.0,394016382.22,1.1
600998,九州通,4.92,-2.77,362756.0,179180587.0,0.72
600829,人民同泰,9.36,-2.8,152053.0,143021488.0,2.62
600674,川投能源,14.94,-2.8,250553.0,376861603.0,0.51
000820,神雾节能,4.14,-2.82,624057.0,256244949.46,21.01
600192,长城电工,7.48,-2.86,207637.0,154070940.0,4.7
603073,彩蝶实业,15.86,-2.88,14177.0,22723909.0,2.79
600938,中国海油,30.65,-2.88,395124.0,1217886515.0,1.32
001232,C嘉立创,201.92,-2.93,168849.0,3343404251.48,38.2
301668,昊创瑞通,37.75,-2.96,27203.0,102728749.73,11.18
600468,百利电气,6.52,-2.98,558624.0,361631192.0,5.14
002498,汉缆股份,7.16,-2.98,1377891.0,983015118.74,4.14
000009,中国宝安,7.67,-3.03,450395.0,347129802.7,1.75
600298,安琪酵母,41.22,-3.03,126383.0,524707247.0,1.47
603721,中广天择,18.19,-3.09,55405.0,101423479.0,4.26
605499,东鹏饮料,122.54,-3.09,121375.0,1486941782.0,1.8
002468,申通快递,13.87,-3.14,275626.0,382026374.33,1.87
600815,厦工股份,3.38,-3.15,718812.0,244383093.0,4.05
601616,广电电气,3.76,-3.34,328152.0,123413976.0,3.84
688685,迈信林,43.59,-3.35,35226.0,153638905.0,2.4
001223,欧克科技,38.13,-3.37,35280.0,133806556.24,5.05
000950,重药控股,5.38,-3.41,319614.0,172124012.61,1.87
600722,金牛化工,10.76,-3.5,582343.0,632020680.0,8.56
603956,威派格,6.92,-3.62,244737.0,170358020.0,4.29
300981,中红医疗,15.04,-4.08,228946.0,349037969.38,5.83
688048,长光华芯,255.3,-4.08,153611.0,3792662924.0,8.71
603228,景旺电子,76.4,-4.5,365500.0,2770223696.0,3.72
301137,哈焊华通,37.09,-4.53,92536.0,342727311.32,5.09
301270,汉仪股份,33.61,-4.68,113915.0,380628539.11,12.06
605167,利柏特,15.08,-4.8,244994.0,376307866.0,4.8
603606,东方电缆,39.09,-4.82,248277.0,965653145.0,3.01
301205,联特科技,253.5,-5.03,108593.0,2676855698.33,12.97
300164,通源石油,10.68,-5.15,1055701.0,1129482177.04,18.1
300502,新易盛,422.43,-5.71,662375.0,27447432062.89,5.28
300308,中际旭创,943.86,-7.64,546770.0,50591279004.7,4.93
600499,科达制造,14.42,-7.98,646155.0,921083604.0,3.37
300912,凯龙高科,20.74,-9.39,102450.0,205372150.24,11.92
300989,蕾奥规划,13.07,-9.86,145378.0,193991156.02,8.92
600363,联创光电,24.64,-10.01,34207.0,84286048.0,0.76
